"3000659","4000774","1.0"
"3004428","4004393","1.0"
"3009382","4000908","0.85"
"3007410","4009913","1.0"
"3001157","4000570","0.85"
"3007146","4011314","1.0"
"3006916","4009847","1.0"
"3007404","4001269","1.0"
"3007914","4000911","1.0"
"3001713","4010086","0.85"
"3006275","4008638","1.0"
"3009826","4007522","1.0"
"3003000","4008952","0.85"
"3001433","4007439","1.0"
"3000507","4007748","1.0"
"3000287","4003476","1.0"
"3008447","4004129","1.0"
"3001400","4007496","1.0"
"3000316","4007036","1.0"
"3006538","4007142","1.0"
"3007552","4011093","1.0"
"3001467","4007152","0.85"
"3000649","4007523","0.85"
"3002006","4003668","1.0"
"3009761","4011396","0.85"
"3004145","4001815","0.85"
"3000716","4001057","0.85"
"3003541","4006337","0.9433333333333334"
"3000706","4009117","1.0"
"3000832","4004296","0.85"
"3005800","4010250","1.0"
"3000915","4004122","0.9433333333333334"
"3001143","4000627","1.0"
"3005503","4006114","0.85"
"3000337","4007936","1.0"
"3006357","4011107","1.0"
"3007876","4007149","1.0"
"3008847","4007554","0.8866666666666667"
"3004511","4010494","1.0"
"3001563","4004039","1.0"
"3008317","4001242","1.0"
"3000726","4006060","1.0"
"3000317","4001558","0.85"
"3006028","4007705","1.0"
"3003835","4006034","1.0"
"3005505","4010967","1.0"
"3003334","4011474","0.85"
"3006429","4007208","1.0"
"3001790","4007357","0.946875"
"3002981","4009055","1.0"
"3008819","4001203","1.0"
"3009651","4010077","0.85"
"3004152","4002448","1.0"
"3004904","4009377","1.0"
"3000347","4011470","1.0"
"3003834","4009988","0.85"
"3001621","4005665","1.0"
"3005955","4008884","1.0"
"3006690","4005481","0.85"
"3007667","4003376","1.0"
"3004529","4002372","0.85"
"3004726","4001740","1.0"
"3008661","4002821","1.0"
"3002023","4007426","1.0"
"3009641","4007316","1.0"
"3005306","4002101","1.0"
"3005023","4007887","0.9630434782608696"
"3005004","4007888","1.0"
"3000839","4010013","1.0"
"3004543","4008543","1.0"
"3004717","4008081","0.85"
"3005660","4000946","1.0"
"3009364","4008780","1.0"
"3003006","4012086","1.0"
"3002107","4005958","1.0"
"3001253","4011122","0.85"
"3004218","4006105","1.0"
"3001419","4008784","1.0"
"3007303","4011416","1.0"
"3000688","4007479","0.85"
"3001135","4001075","0.85"
"3007208","4012053","1.0"
"3001783","4005599","1.0"
"3002183","4006651","0.85"
"3003767","4006266","1.0"
"3006857","4000052","0.85"
"3000854","4008880","1.0"
"3000526","4001078","1.0"
"3007901","4011043","1.0"
"3001225","4001226","1.0"
"3001692","4007283","0.85"
"3006341","4007186","1.0"
"3004549","4010564","1.0"
"3005679","4006132","1.0"
"3006994","4010219","1.0"
"3005419","4006518","0.85"
"3005148","4007037","1.0"
"3000743","4010156","1.0"
"3004259","4010422","1.0"
"3005496","4005886","1.0"
"3000122","4010043","1.0"
"3007017","4010222","1.0"
"3007081","4011407","0.85"
"3001602","4003511","1.0"
"3002822","4009220","0.85"
"3001319","4005900","0.85"
"3000302","4000819","0.85"
"3006220","4006240","1.0"
"3000614","4007474","1.0"
"3000785","4001055","0.85"
"3001619","4008899","1.0"
"3004587","4009333","0.85"
"3007446","4007742","0.85"
"3000561","4001050","0.85"
"3000841","4011227","1.0"
"3001714","4003945","0.85"
"3000825","4004326","0.85"
"3004056","4000950","1.0"
"3008786","4001130","1.0"
"3007295","4008934","1.0"
"3002459","4006258","1.0"
"3000843","4005895","1.0"
"3008891","4000942","1.0"
"3004146","4004428","0.85"
"3005935","4008979","1.0"
"3007299","4010239","1.0"
"3001327","4010057","1.0"
"3000809","4008779","1.0"
"3002337","4006993","1.0"
"3003357","4012051","1.0"
"3000642","4000508","1.0"
"3000860","4006002","0.85"
"3001884","4010066","1.0"
"3003338","4004145","1.0"
"3006366","4008577","0.85"
"3004039","4009089","1.0"
"3009642","4001091","1.0"
"3003672","4004525","1.0"
"3005791","4010205","0.8802631578947369"
"3006901","4003264","1.0"
"3006336","4007136","1.0"
"3004599","4004226","1.0"
"3003001","4003123","1.0"
"3004144","4006477","1.0"
"3001188","4011193","0.85"
"3007403","4008628","0.9392857142857143"
"3007215","4008985","1.0"
"3001679","4001121","0.85"
"3006707","4012101","0.85"
"3004283","4007370","1.0"
"3005107","4011572","1.0"
"3004582","4009330","1.0"
"3003779","4007823","1.0"
"3008301","4011387","0.85"
"3000625","4008673","0.85"
"3009285","4008730","0.9433333333333334"
"3002384","4003349","0.85"
"3002233","4001823","0.85"
"3004509","4009062","1.0"
"3008362","4000815","0.8880434782608695"
"3007436","4004010","1.0"
"3008723","4003372","1.0"
"3001860","4003680","0.85"
"3001789","4001210","1.0"
"3007407","4005587","1.0"
"3002428","4006088","0.85"
"3003107","4000904","1.0"
"3005124","4009210","0.85"
"3009183","4001009","1.0"
"3004792","4001548","1.0"
"3001944","4007924","1.0"
"3008284","4007610","1.0"
"3007061","4004150","0.85"
"3007202","4001440","0.85"
"3006874","4003301","1.0"
"3009054","4000844","1.0"
"3005322","4004567","1.0"
"3006155","4000609","1.0"
"3005051","4011585","0.9346153846153846"
"3000826","4003672","1.0"
"3002102","4003499","1.0"
"3004232","4008064","1.0"
"3009883","4001511","0.85"
"3002071","4005822","1.0"
"3001532","4003450","1.0"
"3007132","4002500","1.0"
"3000720","4003296","0.85"
"3007195","4007623","0.85"
"3002184","4011261","1.0"
"3001328","4000362","1.0"
"3000667","4008777","1.0"
"3005063","4010470","1.0"
"3008551","4005808","1.0"
"3001082","4008450","1.0"
"3001933","4005960","1.0"
"3009342","4000873","1.0"
"3004790","4006650","1.0"
"3008607","4010065","1.0"
"3000740","4010537","0.9227272727272727"
"3009496","4003710","0.85"
"3006805","4008949","1.0"
"3009103","4009000","0.85"
"3007934","4006618","1.0"
"3001220","4007433","0.85"
"3006430","4007211","1.0"
"3000635","4008670","0.85"
"3005144","4009323","0.95"
"3008698","4011362","1.0"
"3004573","4004760","1.0"
"3002199","4001127","1.0"
"3009086","4004059","1.0"
"3006393","4008566","0.85"
"3001140","4003591","1.0"
"3005713","4000889","1.0"
"3005980","4009779","0.85"
"3009328","4005830","0.85"
"3007220","4010291","0.85"
"3003365","4008448","1.0"
"3008224","4006010","1.0"
"3003225","4005700","1.0"
"3007080","4008930","1.0"
"3006972","4000208","1.0"
"3007747","4011063","1.0"
"3004069","4006541","1.0"
"3007511","4003435","1.0"
"3001912","4010119","0.85"
"3009646","4000971","1.0"
"3003183","4010989","0.85"
"3009737","4001343","1.0"
"3000528","4010144","1.0"
"3001142","4005966","1.0"
"3000179","4009669","1.0"
"3007406","4005464","1.0"
"3005882","4006665","1.0"
"3005858","4009997","1.0"
"3000871","4000841","1.0"
"3001397","4000565","1.0"
"3007300","4007580","1.0"
"3007545","4009478","1.0"
"3002755","4006277","0.85"
"3000822","4007598","1.0"
"3002121","4007410","1.0"
"3006420","4007145","1.0"
"3002709","4008438","0.85"
"3000295","4000478","1.0"
"3006811","4010302","1.0"
"3005877","4006022","1.0"
"3006862","4011076","1.0"
"3008080","4009632","1.0"
"3000772","4010088","0.85"
"3006375","4011108","0.85"
"3002127","4007404","0.85"
"3006324","4003336","1.0"
"3000705","4008847","1.0"
"3009561","4000632","1.0"
"3003344","4011420","1.0"
"3005873","4001220","0.85"
"3003796","4011505","1.0"
"3005229","4004448","1.0"
"3009741","4002954","1.0"
"3006615","4003942","0.85"
"3008164","4010977","0.85"
"3003471","4007725","0.85"
"3004348","4005703","1.0"
"3001859","4005837","0.85"
"3000249","4009970","1.0"
"3005226","4011705","0.85"
"3002962","4003816","1.0"
"3006882","4009421","0.85"
"3002747","4004280","1.0"
"3004205","4009803","1.0"
"3000790","4001016","1.0"
"3004508","4009059","1.0"
"3008188","4009683","1.0"
"3002590","4009758","1.0"
"3000402","4007292","1.0"
"3007004","4011353","0.85"
"3004794","4008076","0.9291666666666666"
"3007221","4010290","1.0"
"3001474","4010001","1.0"
"3002424","4004245","1.0"
"3000449","4005685","0.9227272727272727"
"3008342","4011355","1.0"
"3002354","4011447","0.85"
"3004917","4006620","1.0"
"3001804","4002624","0.85"
"3004044","4010413","1.0"
"3005972","4001437","1.0"
"3001455","4009993","1.0"
"3009462","4009315","1.0"
"3006996","4001253","0.85"
"3008290","4004142","1.0"
"3001743","4003899","1.0"
"3001680","4011879","0.85"
"3001392","4003568","1.0"
"3008297","4006096","1.0"
"3005894","4011347","1.0"
"3004147","4004703","1.0"
"3006487","4008544","1.0"
"3003690","4010351","1.0"
"3000504","4001899","1.0"
"3006843","4003303","0.85"
"3003790","4010359","1.0"
"3001182","4003461","1.0"
"3003772","4000314","1.0"
"3004467","4010218","1.0"
"3000665","4000938","1.0"
"3001861","4011217","1.0"
"3006053","4007652","0.9552631578947369"
"3001585","4008834","0.85"
"3001230","4003704","1.0"
"3003650","4003198","1.0"
"3008755","4010026","0.85"
"3001323","4006761","1.0"
"3003589","4001528","1.0"
"3004596","4006242","0.85"
"3001279","4011240","1.0"
"3007676","4011114","1.0"
"3003481","4007727","1.0"
"3004120","4005988","1.0"
"3000657","4007626","0.85"
"3001677","4007682","1.0"
"3002336","4006999","1.0"
"3009783","4008289","1.0"
"3000473","4008879","1.0"
"3000828","4000635","0.85"
"3004360","4004340","1.0"
"3001883","4010067","0.85"
"3001644","4011263","0.85"
"3004667","4004057","0.85"
"3002232","4007505","1.0"
"3001350","4010061","1.0"
"3003937","4011624","0.85"
"3004322","4010886","0.85"
"3006436","4011528","0.85"
"3001129","4008893","1.0"
"3001905","4005763","1.0"
"3006277","4005567","0.85"
"3006923","4011433","1.0"
"3007549","4010639","1.0"
"3005515","4010254","0.85"
"3008626","4003577","1.0"
"3007924","4009909","1.0"
"3005039","4006338","1.0"
"3002674","4004034","0.85"
"3007673","4001817","1.0"
"3001660","4008840","1.0"
"3006244","4004214","1.0"
"3008708","4011366","0.85"
"3008198","4010845","0.85"
"3000416","4000793","1.0"
"3004420","4011534","1.0"
"3000824","4004309","1.0"
"3007518","4008657","0.85"
"3003602","4004380","1.0"
"3005959","4011302","0.8541666666666665"
"3005241","4004848","1.0"
"3005957","4007873","1.0"
"3005315","4004710","1.0"
"3003148","4003279","0.8866666666666667"
"3008718","4010028","1.0"
"3005318","4006431","1.0"
"3007718","4007227","1.0"
"3002568","4009730","1.0"
"3000628","4010384","1.0"
"3001308","4008721","1.0"
"3009210","4003997","0.85"
"3007937","4005270","0.85"
"3004248","4003014","1.0"
"3004405","4007793","1.0"
"3000530","4004062","1.0"
"3006023","4007668","1.0"
"3001913","4005795","0.85"
"3008229","4007665","1.0"
"3005685","4011390","0.85"
"3009588","4004363","1.0"
"3002603","4011034","1.0"
"3000401","4005686","0.85"
"3004820","4011625","1.0"
"3009088","4001286","1.0"
"3001531","4005787","0.85"
"3003049","4002518","1.0"
"3004995","4011673","1.0"
"3000539","4009163","1.0"
"3004915","4008733","0.85"
"3000525","4000281","0.85"
"3000474","4008878","1.0"
"3008327","4009605","0.9227272727272727"
"3001456","4007368","1.0"
"3001669","4007507","1.0"
"3004417","4008911","0.9575"
"3002651","4001610","1.0"
"3000687","4001080","1.0"
"3000777","4011250","1.0"
"3006312","4009070","1.0"
"3005508","4007558","1.0"
"3009512","4008769","0.9575"
"3002434","4010325","1.0"
"3007541","4007277","1.0"
"3003671","4010367","0.85"
"3000285","4007397","1.0"
"3009683","4008212","0.85"
"3005981","4006083","0.85"
"3002848","4011017","1.0"
"3006976","4005215","1.0"
"3006622","4005443","0.85"
"3001620","4007449","1.0"
"3005047","4009314","1.0"
"3004366","4011508","1.0"
"3006875","4000008","1.0"
"3006350","4009867","1.0"
"3004612","4011522","1.0"
"3008705","4002430","0.85"
"3004244","4011547","0.8866666666666667"
"3007104","4007695","1.0"
"3001402","4008677","1.0"
"3009749","4010282","0.85"
"3007519","4008654","1.0"
"3004745","4002200","1.0"
"3000784","4001079","1.0"
"3004416","4010407","0.85"
"3002276","4008119","1.0"
"3000028","4007172","1.0"
"3000748","4000463","1.0"
"3006780","4003298","1.0"
"3004319","4002044","0.85"
"3002756","4010338","1.0"
"3010057","4003593","1.0"
"3001432","4011197","1.0"
"3001825","4000616","1.0"
"3000827","4008676","1.0"
"3009153","4001381","0.85"
"3005779","4003276","1.0"
"3001798","4009392","1.0"
"3003861","4012064","0.9392857142857143"
"3009281","4000354","0.85"
"3005012","4010574","0.85"
"3000629","4007751","0.85"
"3002353","4007851","0.85"
"3001368","4000023","0.85"
"3007539","4005441","1.0"
"3007662","4000091","0.85"
"3005796","4006178","1.0"
"3001503","4008761","1.0"
"3008914","4001543","1.0"
"3001304","4003558","0.9227272727272727"
"3004116","4011544","0.85"
"3002887","4004984","0.85"
"3002286","4010143","1.0"
"3008711","4011364","0.85"
"3000086","4010365","1.0"
"3001535","4005667","1.0"
"3005228","4002194","1.0"
"3006852","4001397","0.85"
"3005875","4010209","1.0"
"3000256","4003463","0.85"
"3005798","4007606","1.0"
"3009521","4011218","0.85"
"3002618","4005330","1.0"
"3000735","4003902","0.85"
"3008272","4010202","0.85"
"3004318","4008021","1.0"
"3005893","4010213","1.0"
"3002187","4008713","1.0"
"3004816","4010509","1.0"
"3009760","4011395","1.0"
"3000512","4008685","1.0"
"3009305","4001197","1.0"
"3007416","4008632","1.0"
"3009562","4005679","0.8749999999999999"
"3004330","4009328","1.0"
"3009631","4000307","1.0"
"3006291","4011127","1.0"
"3001601","4000935","1.0"
"3006088","4011168","1.0"
"3006638","4001443","1.0"
"3009197","4000817","0.85"
"3004671","4010361","1.0"
"3004853","4003711","0.85"
"3000658","4005718","0.85"
"3003745","4001681","0.85"
"3006910","4007133","0.85"
"3008299","4000539","1.0"
"3001275","4007310","1.0"
"3009130","4008792","0.85"
"3006565","4000541","1.0"
"3000582","4004022","0.85"
"3000265","4003674","1.0"
"3002497","4010335","1.0"
"3006912","4009845","1.0"
"3005173","4010652","0.85"
"3009983","4010090","1.0"
"3003545","4010548","0.85"
"3005437","4010626","1.0"
"3000723","4010151","1.0"
"3000301","4005957","1.0"
"3008693","4005689","1.0"
"3007670","4009897","0.85"
"3005244","4004733","0.85"
"3007671","4007161","1.0"
"3004607","4010379","1.0"
"3004895","4004769","1.0"
"3007894","4003423","1.0"
"3003167","4005351","1.0"
"3000345","4003937","1.0"
"3007521","4009933","0.85"
"3008228","4006122","1.0"
"3004465","4001309","1.0"
"3007538","4000894","1.0"
"3006842","4003891","1.0"
"3004609","4007805","0.85"
"3003597","4010339","0.85"
"3009495","4008679","0.85"
"3000745","4010084","1.0"
"3001310","4000863","1.0"
"3007661","4009073","1.0"
"3001172","4000578","0.85"
"3000721","4009082","0.85"
"3006476","4000419","0.85"
"3008828","4007400","0.85"
"3006886","4009841","1.0"
"3002266","4003127","0.85"
"3001596","4001263","1.0"
"3006068","4009930","1.0"
"3006975","4000119","1.0"
"3009188","4000858","1.0"
"3002067","4005771","1.0"
"3006034","4001376","0.85"
"3006438","4008541","0.85"
"3006495","4009887","1.0"
"3002972","4008478","1.0"
"3001726","4003698","1.0"
"3004167","4010523","0.8692307692307693"
"3002272","4005893","1.0"
"3004767","4009423","0.85"
"3003186","4012064","0.85"
"3009181","4000548","0.85"
"3005794","4000944","0.95"
"3009332","4007446","1.0"
"3000717","4007458","0.85"
"3007005","4006103","1.0"
"3005420","4006409","0.85"
"3005783","4005447","1.0"
"3000568","4003517","1.0"
"3001407","4008787","1.0"
"3003316","4009477","1.0"
"3000664","4000770","1.0"
"3001181","4010099","0.85"
"3000877","4003727","1.0"
"3004525","4001464","1.0"
"3001670","4001067","1.0"
"3007016","4010223","0.85"
"3001902","4003725","1.0"
"3001158","4000665","1.0"
"3001184","4003630","1.0"
"3003722","4012035","1.0"
"3007724","4007163","1.0"
"3001354","4003845","1.0"
"3006129","4008984","0.9433333333333334"
"3001401","4011280","1.0"
"3006421","4008558","0.85"
"3004063","4009090","1.0"
"3004131","4011456","1.0"
"3001186","4005913","0.85"
"3007034","4000189","0.85"
"3001278","4005635","1.0"
"3001430","4010023","1.0"
"3005495","4004883","1.0"
"3000359","4011185","1.0"
"3001807","4007396","1.0"
"3006926","4001299","1.0"
"3002148","4008864","0.8596153846153846"
"3003009","4008983","0.85"
"3000396","4001206","1.0"
"3002313","4009454","1.0"
"3001772","4003968","1.0"
"3003017","4005303","0.85"
"3003380","4012049","0.85"
"3001589","4010191","0.85"
"3000724","4006916","1.0"
"3004499","4004235","0.85"
"3002332","4007712","1.0"
"3000431","4008796","1.0"
"3003319","4012099","1.0"
"3007067","4007630","0.85"
"3006045","4006908","0.85"
"3000675","4005676","1.0"
"3000513","4009859","1.0"
"3005886","4011348","0.85"
"3004719","4010591","0.85"
"3005046","4006440","1.0"
"3004723","4006479","1.0"
"3003504","4011496","1.0"
"3008306","4010277","0.85"
"3002771","4011460","1.0"
"3005110","4009732","1.0"
"3001000","4000026","1.0"
"3000762","4008708","1.0"
"3005514","4010240","0.946875"
"3008261","4001403","1.0"
"3000793","4003844","1.0"
"3004422","4011531","1.0"
"3005027","4005224","1.0"
"3008329","4009605","0.85"
"3005942","4004020","0.9392857142857143"
"3001948","4011288","1.0"
"3002082","4011267","1.0"
"3000286","4000920","1.0"
"3007211","4006141","1.0"
"3004236","4010437","1.0"
"3007032","4008603","1.0"
"3003473","4004230","0.85"
"3009755","4001388","0.85"
"3000362","4005872","1.0"
"3002191","4006503","1.0"
"3005435","4011595","0.85"
"3001966","4005697","1.0"
"3001771","4000832","1.0"
"3008569","4000694","1.0"
"3002122","4008817","0.85"
"3009655","4011304","1.0"
"3006090","4010350","1.0"
"3000747","4007343","1.0"
"3006427","4007210","1.0"
"3004327","4001947","1.0"
"3004233","4005888","1.0"
"3001796","4005832","1.0"
"3004128","4010383","0.85"
"3007172","4005929","1.0"
"3000592","4001733","1.0"
"3005048","4006410","1.0"
"3000534","4007518","0.85"
"3004103","4010793","1.0"
"3003184","4012065","1.0"
"3005178","4007099","1.0"
"3004160","4008005","1.0"
"3005510","4007732","1.0"
"3008283","4007636","1.0"
"3000385","4008743","1.0"
"3007745","4003053","0.85"
"3006332","4008552","1.0"
"3007013","4001401","0.85"
"3000662","4004019","1.0"
"3009859","4009834","0.85"
"3005413","4010480","1.0"
"3003840","4009425","1.0"
"3005239","4004548","1.0"
"3000850","4000689","0.85"
"3005014","4004627","0.85"
"3001322","4010058","0.85"
"3006880","4005431","1.0"
"3002404","4008518","0.85"
"3002537","4009720","1.0"
"3006064","4011449","1.0"
"3002829","4006066","0.9392857142857143"
"3006296","4011125","1.0"
"3004744","4010590","1.0"
"3005343","4006660","1.0"
"3000656","4007521","1.0"
"3003988","4009249","0.85"
"3003591","4010370","1.0"
"3001569","4007516","1.0"
"3000618","4010769","1.0"
"3005397","4007570","1.0"
"3010105","4006972","0.85"
"3001300","4000363","1.0"
"3006900","4003267","1.0"
"3005892","4011351","1.0"
"3009758","4010285","1.0"
"3004495","4001695","0.85"
"3000293","4008876","1.0"
"3001571","4007545","1.0"
"3001458","4010055","0.85"
"3003613","4007780","0.85"
"3005944","4004148","1.0"
"3007632","4005858","1.0"
"3003675","4009116","0.8692307692307693"
"3003253","4008463","1.0"
"3004606","4006525","1.0"
"3006215","4001876","1.0"
"3002018","4008821","1.0"
"3006967","4000019","0.85"
"3002648","4005726","1.0"
"3006073","4000262","1.0"
"3009972","4008883","1.0"
"3000864","4005894","0.85"
"3005710","4007802","1.0"
"3001390","4005976","1.0"
"3006227","4006670","1.0"
"3005669","4002819","0.85"
"3001371","4005874","0.85"
"3003050","4004560","1.0"
"3001879","4008825","1.0"
"3009189","4003693","0.85"
"3000157","4008650","1.0"
"3009407","4003606","1.0"
"3009515","4000029","1.0"
"3005940","4004083","0.85"
"3001795","4003603","1.0"
"3000397","4008747","0.85"
"3000758","4010087","1.0"
"3004920","4009925","1.0"
"3001229","4010870","1.0"
"3007866","4009920","1.0"
"3005057","4006345","0.85"
"3000509","4003829","0.85"
"3006977","4000053","1.0"
"3001738","4004069","0.85"
"3000621","4011178","0.85"
"3001591","4003516","0.85"
"3006981","4000214","1.0"
"3000296","4001111","1.0"
"3007687","4011111","1.0"
"3006284","4011121","0.85"
"3009069","4000755","1.0"
"3006667","4009967","1.0"
"3000253","4000492","0.85"
"3006844","4003270","0.85"
"3006917","4011144","1.0"
"3003760","4007801","1.0"
"3000833","4010005","1.0"
"3001480","4011224","0.85"
"3008223","4004052","0.85"
"3005689","4007650","1.0"
"3005884","4006249","1.0"
"3008588","4003613","0.85"
"3009647","4005827","1.0"
"3001880","4008698","1.0"
"3000765","4010083","0.85"
"3007535","4011087","1.0"
"3004911","4001074","0.85"
"3005504","4008137","1.0"
"3006640","4004112","0.85"
"3007681","4011112","1.0"
"3007057","4008994","0.9595238095238094"
"3005045","4004415","1.0"
"3001901","4003676","1.0"
"3004051","4005551","0.85"
"3002787","4009770","1.0"
"3009360","4000497","1.0"
"3007411","4005454","1.0"
"3001448","4010029","0.85"
"3005040","4002304","0.85"
"3002585","4009762","0.85"
"3004663","4004261","1.0"
"3003047","4005320","0.85"
"3008222","4009023","1.0"
"3007576","4000236","0.85"
"3001420","4003900","1.0"
"3006012","4006039","1.0"
"3006072","4007229","1.0"
"3001550","4007533","1.0"
"3005921","4011023","1.0"
"3001742","4007291","1.0"
"3003678","4000344","0.85"
"3001514","4003474","0.85"
"3001853","4000642","0.85"
"3006010","4004639","1.0"
"3005060","4011584","1.0"
"3006826","4011428","1.0"
"3009139","4005739","0.85"
"3005136","4002102","1.0"
"3005387","4007669","1.0"
"3006777","4007203","1.0"
"3001750","4003035","0.85"
"3000392","4003952","1.0"
"3001311","4008644","0.85"
"3001579","4009375","1.0"
"3000751","4003688","1.0"
"3002190","4000919","1.0"
"3004725","4001948","1.0"
"3000084","4001535","1.0"
"3004585","4007844","1.0"
"3007114","4011440","0.85"
"3003176","4012058","1.0"
"3000815","4010008","1.0"
"3005438","4011599","0.85"
"3003713","4001106","1.0"
"3006040","4003836","1.0"
"3007675","4008564","1.0"
"3007652","4011153","0.85"
"3009089","4006080","0.85"
"3003665","4011556","0.85"
"3004129","4010155","1.0"
"3006876","4000087","0.85"
"3001768","4011269","1.0"
"3005987","4008924","1.0"
"3007021","4011358","0.85"
"3001950","4009664","1.0"
"3004316","4002300","0.85"
"3001491","4010071","1.0"
"3000415","4000650","1.0"
"3004522","4009290","1.0"
"3006947","4008937","1.0"
"3007651","4011155","0.85"
"3005681","4012101","0.8840909090909091"
"3001439","4010040","1.0"
"3007756","4003386","0.9291666666666666"
"3003492","4009068","1.0"
"3003614","4007156","1.0"
"3007092","4011341","0.85"
"3006092","4009919","1.0"
"3004892","4010601","0.85"
"3004242","4001696","0.85"
"3003598","4011511","0.85"
"3006013","4006040","0.85"
"3002764","4007724","1.0"
"3001831","4003981","1.0"
"3000267","4008857","0.85"
"3008205","4011961","1.0"
"3003144","4011442","1.0"
"3000767","4001366","0.85"
"3004469","4004601","1.0"
"3003592","4001475","0.85"
"3008265","4001267","1.0"
"3001727","4008781","0.85"
"3002886","4008466","1.0"
"3006860","4011079","0.85"
"3007029","4010288","1.0"
"3003652","4008167","1.0"
"3000283","4003848","1.0"
"3006652","4005453","0.85"
"3004474","4010521","1.0"
"3004679","4009324","1.0"
"3008911","4008420","1.0"
"3004043","4001324","1.0"
"3007210","4010287","1.0"
"3002607","4007028","1.0"
"3003482","4006214","0.85"
"3002364","4003110","1.0"
"3001667","4005982","1.0"
"3001356","4005851","1.0"
"3004757","4003405","0.85"
"3006583","4000121","0.9433333333333334"
"3000691","4003832","1.0"
"3001587","4010170","1.0"
"3004516","4011415","1.0"
"3001634","4011264","1.0"
"3008308","4011394","1.0"
"3004437","4002161","0.85"
"3010021","4000375","1.0"
"3002066","4005670","1.0"
"3001398","4011286","1.0"
"3004808","4001257","1.0"
"3001858","4005879","1.0"
"3006162","4004168","0.9433333333333334"
"3005436","4011593","1.0"
"3004814","4011605","1.0"
"3001922","4011320","0.85"
"3007637","4000044","1.0"
"3000363","4005479","1.0"
"3008280","4011342","1.0"
"3005042","4002427","1.0"
"3006657","4008578","1.0"
"3002264","4000961","1.0"
"3005485","4006152","1.0"
"3002132","4005972","0.9392857142857143"
"3007033","4007268","0.85"
"3004519","4010579","1.0"
"3002974","4010958","1.0"
"3002713","4012043","0.85"
"3004078","4007115","0.9"
"3007752","4007257","1.0"
"3007912","4003439","0.8866666666666667"
"3009298","4010074","0.85"
"3004132","4011454","1.0"
"3001302","4001037","1.0"
"3005108","4009188","1.0"
"3002647","4009147","1.0"
"3009545","4000617","1.0"
"3003356","4007031","1.0"
"3006433","4008588","1.0"
"3009653","4007160","0.85"
"3003680","4007798","1.0"
"3006448","4004157","1.0"
"3004504","4006239","0.85"
"3004125","4009078","0.85"
"3000846","4005892","0.85"
"3006369","4011106","1.0"
"3000663","4003934","1.0"
"3004532","4004680","1.0"
"3005123","4007922","1.0"
"3001492","4008805","1.0"
"3004507","4004275","0.85"
"3004118","4004221","1.0"
"3004910","4007826","0.85"
"3007650","4011152","1.0"
"3006309","4000064","0.85"
"3008309","4011446","0.85"
"3006044","4010265","1.0"
"3007041","4009875","0.85"
"3006126","4006223","1.0"
"3005430","4010486","0.85"
"3007278","4006162","0.85"
"3008393","4001235","1.0"
"3008197","4002832","1.0"
"3000400","4005627","1.0"
"3007510","4007243","1.0"
"3003673","4011552","1.0"
"3006304","4003419","1.0"
"3001613","4008936","0.85"
"3003497","4009067","1.0"
"3004546","4001471","1.0"
"3009155","4001351","0.85"
"3008685","4009757","1.0"
"3007063","4008925","1.0"
"3000181","4002863","1.0"
"3005428","4001849","0.85"
"3002832","4008460","0.85"
"3003839","4012042","1.0"
"3006951","4007574","1.0"
"3007115","4004873","1.0"
"3004436","4001930","0.85"
"3008394","4003028","0.85"
"3004110","4001532","1.0"
"3004604","4006292","1.0"
"3007664","4009900","1.0"
"3009096","4006065","1.0"
"3001720","4011188","0.85"
"3003142","4007103","0.85"
"3006059","4011963","0.85"
"3004331","4007905","1.0"
"3009449","4010616","0.85"
"3005432","4009397","1.0"
"3000837","4007547","1.0"
"3005852","4001686","1.0"
"3005254","4008001","0.85"
"3000538","4005959","1.0"
"3005417","4004436","1.0"
"3001305","4000824","1.0"
"3002239","4008612","1.0"
"3003165","4009793","1.0"
"3008190","4009641","0.95"
"3002488","4001472","1.0"
"3006041","4004073","0.85"
"3005302","4002310","1.0"
"3009214","4011234","0.85"
"3004897","4001726","0.85"
"3006290","4011124","1.0"
"3007501","4011123","1.0"
"3003426","4004137","1.0"
"3001812","4009987","1.0"
"3007001","4007620","1.0"
"3009135","4003784","1.0"
"3008231","4009015","1.0"
"3003109","4012052","0.85"
"3005874","4004049","1.0"
"3006776","4003441","1.0"
"3008176","4007066","0.85"
"3001264","4010162","1.0"
"3002971","4005316","1.0"
"3006386","4009903","1.0"
"3003609","4009126","1.0"
"3000391","4003667","1.0"
"3002566","4012022","1.0"
"3004101","4011635","1.0"
"3009497","4000422","1.0"
"3001753","4000450","1.0"
"3007449","4007716","0.85"
"3004432","4002286","1.0"
"3000598","4003825","1.0"
"3001165","4007394","1.0"
"3007218","4007703","1.0"
"3009650","4008886","1.0"
"3004751","4008539","1.0"
"3007889","4003440","1.0"
"3004666","4009157","1.0"
"3000250","4000441","0.85"
"3002814","4001666","0.85"
"3000327","4007694","1.0"
"3000357","4005964","0.85"
"3005885","4007660","1.0"
"3000351","4000654","1.0"
"3005803","4011378","0.85"
"3007078","4008931","1.0"
"3001718","4000423","0.85"
"3001782","4001138","0.85"
"3004919","4010484","1.0"
"3005665","4006019","1.0"
"3000414","4001061","1.0"
"3009665","4001164","1.0"
"3006061","4011445","1.0"
"3004253","4004669","1.0"
"3001206","4001023","1.0"
"3005797","4008918","1.0"
"3001198","4007318","1.0"
"3001549","4006682","1.0"
"3007779","4005395","1.0"
"3001524","4001039","1.0"
"3005252","4011693","1.0"
"3004150","4006347","1.0"
"3005993","4006179","1.0"
"3002338","4009752","1.0"
"3001725","4000606","0.85"
"3006094","4011166","1.0"
"3000713","4010150","1.0"
"3007648","4010381","1.0"
"3001469","4009974","1.0"
"3006854","4008548","1.0"
"3006056","4009011","1.0"
"3003300","4004910","1.0"
"3005059","4004539","1.0"
"3001149","4000668","0.85"
"3004299","4008736","1.0"
"3005166","4005735","1.0"
"3007442","4006120","1.0"
"3001141","4007285","1.0"
"3004231","4004418","1.0"
"3006590","4005578","1.0"
"3001153","4011296","0.85"
"3000857","4004143","1.0"
"3001260","4011245","1.0"
"3006334","4009864","1.0"
"3000531","4007485","1.0"
"3007283","4001166","1.0"
"3005868","4010211","0.85"
"3009065","4003718","1.0"
"3007213","4006140","1.0"
"3006190","4003425","0.85"
"3001897","4010046","0.85"
"3000704","4003893","1.0"
"3008268","4006035","1.0"
"3006528","4003381","1.0"
"3002124","4010171","1.0"
"3006858","4000036","0.85"
"3007430","4008595","0.8785714285714287"
"3002215","4002426","1.0"
"3005310","4004784","1.0"
"3000524","4001465","0.85"
"3006039","4007562","0.85"
"3001365","4001239","1.0"
"3000558","4008844","0.85"
"3000754","4003526","0.946875"
"3004140","4001723","0.85"
"3007975","4002365","1.0"
"3001446","4011195","0.85"
"3000693","4008852","1.0"
"3008845","4004050","0.85"
"3005978","4009956","1.0"
"3004716","4006442","0.85"
"3007082","4008927","1.0"
"3002329","4007002","1.0"
"3006405","4009839","1.0"
"3002928","4003237","1.0"
"3009827","4010111","1.0"
"3004307","4002276","0.85"
"3005933","4006143","0.85"
"3000520","4008861","0.85"
"3006936","4011385","0.95"
"3004100","4010582","0.85"
"3005888","4011346","0.85"
"3005871","4001421","1.0"
"3002591","4001911","1.0"
"3004413","4004239","1.0"
"3009481","4010750","0.85"
"3006385","4005488","1.0"
"3009212","4008694","0.85"
"3000641","4001108","0.8692307692307693"
"3000788","4000948","1.0"
"3007591","4009958","0.85"
"3001385","4001191","0.85"
"3009182","4005848","0.85"
"3006311","4009882","1.0"
"3009654","4009966","1.0"
"3004052","4001479","1.0"
"3001281","4008725","1.0"
"3000596","4004181","0.85"
"3000433","4010030","0.85"
"3006211","4005483","1.0"
"3006084","4011169","1.0"
"3006905","4003367","0.85"
"3005988","4010261","1.0"
"3000081","4009831","1.0"
"3008083","4002951","0.85"
"3000390","4000447","1.0"
"3004542","4006392","1.0"
"3005031","4005432","1.0"
"3003102","4002127","0.85"
"3006340","4009850","1.0"
"3006348","4009871","1.0"
"3002028","4010014","1.0"
"3000632","4003872","1.0"
"3001583","4005751","0.85"
"3001222","4005850","1.0"
"3002103","4010032","1.0"
"3001265","4003703","1.0"
"3009271","4005652","0.85"
"3006293","4011126","1.0"
"3006920","4005429","0.85"
"3009196","4000496","1.0"
"3006859","4009828","0.85"
"3004367","4000190","1.0"
"3009627","4011303","0.85"
"3001786","4008818","0.85"
"3000164","4009876","0.85"
"3006308","4008624","1.0"
"3009625","4005662","0.85"
"3009628","4005661","1.0"
"3004074","4001041","1.0"
"3004375","4006191","1.0"
"3002649","4001537","0.85"
"3002346","4007188","1.0"
"3005971","4001365","0.85"
"3002096","4003620","1.0"
"3008258","4008962","1.0"
"3001774","4009932","0.85"
"3000959","4007563","0.85"
"3001314","4008885","1.0"
"3005790","4007553","1.0"
"3001865","4005938","0.85"
"3001457","4005772","0.85"
"3000872","4010175","0.85"
"3004216","4008061","1.0"
"3001227","4003658","0.85"
"3001885","4011221","1.0"
"3007117","4010312","1.0"
"3007553","4011092","0.85"
"3006079","4011167","0.85"
"3004483","4007640","1.0"
"3009738","4009038","0.85"
"3004220","4006465","1.0"
"3000307","4011184","1.0"
"3006054","4009008","0.85"
"3004610","4009093","1.0"
"3004650","4002398","1.0"
"3000453","4000528","0.9552631578947369"
"3000820","4010004","1.0"
"3004036","4011542","0.85"
"3002980","4008515","0.85"
"3002632","4010987","1.0"
"3005667","4006071","1.0"
"3006545","4003393","1.0"
"3002705","4001973","1.0"
"3001126","4010132","0.85"
"3005799","4010252","1.0"
"3001604","4003803","1.0"
"3002805","4007361","0.85"
"3000321","4003834","0.85"
"3007677","4009830","0.85"
"3002519","4004254","1.0"
"3000270","4009972","1.0"
"3008996","4004030","0.85"
"3006578","4011429","0.85"
"3003549","4009200","1.0"
"3006653","4006228","1.0"
"3000187","4006489","0.85"
"3002802","4010965","0.85"
"3006839","4000156","0.9346153846153846"
"3001737","4000981","1.0"
"3006646","4007637","1.0"
"3004065","4011199","0.85"
"3007415","4011069","1.0"
"3003052","4007561","0.85"
"3009266","4000483","1.0"
"3002765","4011461","0.85"
"3008114","4005374","1.0"
"3006082","4007153","1.0"
"3006889","4002555","1.0"
"3004914","4010485","1.0"
"3003608","4006218","0.89375"
"3006997","4007704","0.85"
"3004250","4007749","1.0"
"3006235","4011604","1.0"
"3007590","4008659","0.85"
"3002485","4007827","0.85"
"3004758","4007782","0.85"
"3004020","4004173","0.85"
"3007875","4005560","1.0"
"3003525","4002421","0.9575"
"3003430","4002088","0.85"
"3008281","4011343","1.0"
"3005149","4011769","1.0"
"3001616","4011317","0.85"
"3002373","4012081","1.0"
"3001283","4000758","0.85"
"3009128","4001090","1.0"
"3005217","4010510","1.0"
"3008941","4011370","0.85"
"3000290","4003822","1.0"
"3000859","4003802","1.0"
"3005506","4008334","1.0"
"3005224","4004768","1.0"
"3003533","4011146","1.0"
"3007209","4006654","1.0"
"3006057","4008981","0.85"
"3002129","4008009","1.0"
"3008811","4000959","0.85"
"3004815","4001913","0.85"
"3001133","4000603","1.0"
"3007083","4010253","1.0"
"3005452","4000223","1.0"
"3009743","4002578","0.85"
"3006611","4007800","1.0"
"3006402","4008891","1.0"
"3001240","4000448","1.0"
"3002210","4011236","1.0"
"3005150","4004570","0.95"
"3008553","4001387","0.85"
"3006307","4007236","0.85"
"3007015","4004135","0.85"
"3006942","4008041","0.85"
"3005037","4011712","1.0"
"3002692","4011000","1.0"
"3002855","4001052","1.0"
"3006929","4004110","1.0"
"3006651","4000345","1.0"
"3000379","4000766","1.0"
"3009575","4005209","0.85"
"3006822","4004132","1.0"
"3002273","4007008","1.0"
"3004619","4002564","1.0"
"3000537","4005907","1.0"
"3008267","4010208","0.85"
"3004151","4000916","1.0"
"3008325","4004081","0.85"
"3004572","4002282","1.0"
"3002074","4007441","1.0"
"3006431","4007230","1.0"
"3005225","4003972","1.0"
"3009082","4009780","1.0"
"3000651","4004054","1.0"
"3002432","4011450","1.0"
"3003786","4009087","1.0"
"3001163","4003987","1.0"
"3003944","4002361","1.0"
"3003765","4004379","1.0"
"3000476","4007363","1.0"
"3007417","4011073","1.0"
"3000701","4011321","1.0"
"3004447","4005740","1.0"
"3001761","4003854","1.0"
"3009417","4000988","0.85"
"3000783","4001056","1.0"
"3001566","4005604","1.0"
"3008210","4011964","1.0"
"3006019","4006079","1.0"
"3000288","4006433","1.0"
"3006175","4011160","1.0"
"3006594","4008533","1.0"
"3000738","4008870","1.0"
"3003715","4008467","0.85"
"3001890","4010102","1.0"
"3007542","4007750","1.0"
"3002073","4003705","0.85"
"3006419","4005513","0.85"
"3000631","4000712","1.0"
"3000685","4005952","0.85"
"3003794","4011501","1.0"
"3001797","4000756","1.0"
"3006294","4011145","0.946875"
"3002092","4000827","0.85"
"3005661","4004113","0.85"
"3004412","4007790","0.85"
"3005956","4010256","0.85"
"3001758","4000457","1.0"
"3002161","4003478","1.0"
"3007095","4001325","0.85"
"3001255","4011244","1.0"
"3003476","4004242","1.0"
"3004473","4008923","1.0"
"3007890","4003295","1.0"
"3009300","4000394","0.85"
"3001298","4003977","1.0"
"3009134","4004004","1.0"
"3004210","4004670","1.0"
"3002134","4008709","1.0"
"3001436","4004334","0.85"
"3007122","4011436","1.0"
"3001429","4003661","1.0"
"3001312","4003757","1.0"
"3001303","4000500","1.0"
"3009157","4004199","1.0"
"3003605","4003849","0.85"
"3006365","4009894","1.0"
"3001393","4000845","1.0"
"3000488","4003969","1.0"
"3007462","4011789","0.85"
"3009122","4000527","1.0"
"3004164","4010353","1.0"
"3000563","4001032","1.0"
"3004796","4011623","1.0"
"3000876","4011276","1.0"
"3001471","4008729","0.9227272727272727"
"3007513","4000178","1.0"
"3002200","4010045","1.0"
"3003843","4010682","0.85"
"3000356","4000468","0.8583333333333334"
"3006782","4007204","0.85"
"3007318","4001238","0.85"
"3004357","4001667","1.0"
"3002869","4010976","1.0"
"3006802","4007168","0.85"
"3003477","4004375","1.0"
"3006855","4011075","1.0"
"3009198","4003670","1.0"
"3003297","4010592","1.0"
"3000655","4010186","1.0"
"3008498","4009146","1.0"
"3001287","4011238","0.85"
"3002149","4003590","0.85"
"3001716","4005751","0.915"
"3001357","4000913","1.0"
"3001139","4003920","0.85"
"3009639","4005777","1.0"
"3000887","4003664","1.0"
"3000634","4000954","1.0"
"3004064","4009095","0.85"
"3004818","4011621","1.0"
"3007290","4001256","1.0"
"3003762","4007819","1.0"
"3004548","4009291","1.0"
"3000320","4011292","1.0"
"3008977","4000595","1.0"
"3003238","4004038","0.85"
"3004653","4001853","1.0"
"3003489","4009066","0.85"
"3006896","4009885","1.0"
"3007223","4011402","1.0"
"3007536","4000152","0.85"
"3000742","4007500","0.85"
"3009280","4000729","1.0"
"3007514","4000035","0.85"
"3002569","4009731","1.0"
"3006846","4000059","1.0"
"3009961","4003507","0.85"
"3006899","4000151","1.0"
"3004045","4004253","1.0"
"3001320","4007488","1.0"
"3002729","4007084","0.85"
"3000419","4003956","1.0"
"3007119","4009037","1.0"
"3005167","4009407","0.85"
"3004665","4004272","1.0"
"3001907","4005824","1.0"
"3004598","4004283","0.85"
"3003870","4011020","0.9392857142857143"
"3008928","4000240","0.85"
"3000360","4005436","0.9392857142857143"
"3006445","4010764","0.85"
"3004893","4006632","1.0"
"3007298","4011374","1.0"
"3009739","4001363","1.0"
"3006832","4011430","1.0"
"3004750","4011714","0.85"
"3001131","4009393","1.0"
"3009340","4003794","1.0"
"3003809","4005800","0.9527777777777777"
"3000848","4000978","0.85"
"3001643","4008742","1.0"
"3005003","4011672","1.0"
"3006114","4007207","0.85"
"3006390","4009884","1.0"
"3007413","4003297","1.0"
"3007108","4010313","0.85"
"3009099","4008996","1.0"
"3007315","4004068","1.0"
"3005391","4008758","1.0"
"3000722","4007465","1.0"
"3005409","4010475","1.0"
"3006850","4005456","1.0"
"3005338","4009309","1.0"
"3000886","4000446","0.85"
"3002868","4010978","1.0"
"3001416","4010031","1.0"
"3004326","4008077","1.0"
"3007537","4008132","1.0"
"3005773","4007468","1.0"
"3002652","4009151","1.0"
"3001482","4011222","0.85"
"3000674","4008776","0.85"
"3001715","4010034","0.85"
"3000645","4005813","0.85"
"3003812","4010198","0.85"
"3003668","4006176","1.0"
"3002909","4011015","1.0"
"3001202","4005620","1.0"
"3001565","4010273","1.0"
"3008852","4008987","0.85"
"3001658","4000831","1.0"
"3001894","4007330","0.85"
"3004229","4000072","1.0"
"3006814","4001770","0.85"
"3006361","4009866","1.0"
"3000036","4010140","1.0"
"3009121","4000985","1.0"
"3001276","4003488","1.0"
"3003601","4010369","1.0"
"3003038","4007476","0.85"
"3001273","4008783","1.0"
"3004109","4011453","0.85"
"3004747","4011715","1.0"
"3006861","4011077","0.85"
"3004841","4000833","1.0"
"3003737","4009761","0.85"
"3004603","4006256","1.0"
"3002238","4000467","0.85"
"3002750","4000968","1.0"
"3009304","4000839","0.85"
"3005793","4005744","0.85"
"3006228","4008096","1.0"
"3006395","4008546","1.0"
"3002416","4007715","0.85"
"3009102","4008991","0.95"
"3008260","4010206","1.0"
"3009361","4003529","1.0"
"3001674","4010126","1.0"
"3000535","4005920","1.0"
"3005968","4001301","0.85"
"3003539","4009221","1.0"
"3001366","4011308","1.0"
"3007638","4000096","1.0"
"3002682","4003186","0.85"
"3008778","4005868","0.85"
"3007279","4004061","1.0"
"3002063","4003647","1.0"
"3001243","4007367","1.0"
"3006962","4000060","1.0"
"3008361","4004293","1.0"
"3007203","4000958","1.0"
"3001183","4003578","1.0"
"3006971","4007234","0.85"
"3003170","4012061","1.0"
"3000880","4010007","1.0"
"3002646","4004783","1.0"
"3009117","4011422","1.0"
"3000811","4010134","1.0"
"3006954","4010215","1.0"
"3002620","4002219","1.0"
"3001475","4011225","0.85"
"3004403","4006551","0.85"
"3009184","4000304","1.0"
"3003016","4012089","0.8866666666666667"
"3001173","4005876","1.0"
"3004247","4001541","0.95"
"3003040","4006995","1.0"
"3002427","4004014","1.0"
"3006416","4003259","0.85"
"3003617","4011512","0.8785714285714287"
"3002539","4010988","1.0"
"3001903","4003612","1.0"
"3000282","4010160","0.85"
"3000510","4008767","0.85"
"3006397","4011101","1.0"
"3003087","4012029","0.85"
"3006935","4006028","1.0"
"3003795","4011502","0.85"
"3007679","4009844","1.0"
"3000567","4003453","0.85"
"3009411","4003805","0.85"
"3006778","4009877","0.85"
"3001609","4008696","1.0"
"3000885","4011215","1.0"
"3000668","4007519","0.85"
"3007418","4011099","1.0"
"3003983","4007059","1.0"
"3004538","4010560","1.0"
"3001333","4011325","1.0"
"3001418","4011198","1.0"
"3001625","4003807","0.85"
"3001534","4000370","1.0"
"3000750","4001129","1.0"
"3004657","4001522","1.0"
"3000791","4003930","1.0"
"3001610","4008443","1.0"
"3000472","4005713","0.85"
"3003411","4006501","0.946875"
"3002745","4009121","1.0"
"3004669","4010371","1.0"
"3007135","4001862","1.0"
"3006585","4011049","1.0"
"3009275","4000330","1.0"
"3001529","4003760","0.85"
"3004414","4009085","1.0"
"3006529","4007232","1.0"
"3000521","4007482","1.0"
"3000467","4007509","1.0"
"3004624","4008718","0.85"
"3006080","4009917","1.0"
"3001940","4008799","1.0"
"3006345","4005506","1.0"
"3006597","4008554","0.85"
"3006661","4008529","0.85"
"3006885","4009840","1.0"
"3004252","4011477","1.0"
"3006784","4007200","1.0"
"3007035","4000175","1.0"
"3007294","4011375","1.0"
"3004204","4005494","0.85"
"3006691","4011120","1.0"
"3005220","4006554","0.85"
"3000387","4003510","1.0"
"3006663","4007162","0.85"
"3000511","4001616","1.0"
"3002691","4011001","1.0"
"3005141","4002386","0.85"
"3001689","4000849","0.85"
"3004505","4007767","0.85"
"3001594","4010188","0.8583333333333334"
"3005118","4000007","1.0"
"3003791","4011503","1.0"
"3000425","4010085","0.85"
"3008950","4001243","0.9433333333333334"
"3000459","4000435","0.85"
"3000796","4006151","0.85"
"3004479","4010244","0.85"
"3009265","4000868","1.0"
"3001543","4010044","0.85"
"3001136","4000453","1.0"
"3000109","4001494","1.0"
"3001166","4000551","1.0"
"3003854","4011713","1.0"
"3006347","4008553","1.0"
"3008328","4001400","0.85"
"3003496","4011494","0.85"
"3004720","4004223","0.9527777777777777"
"3003615","4010326","1.0"
"3000700","4008707","1.0"
"3007550","4005206","1.0"
"3001741","4008788","1.0"
"3000403","4000371","1.0"
"3006593","4009898","1.0"
"3004075","4008068","1.0"
"3000708","4011322","1.0"
"3005171","4010654","1.0"
"3007302","4011376","1.0"
"3009742","4001329","1.0"
"3004787","4010505","0.85"
"3004579","4007998","0.85"
"3005946","4011381","0.85"
"3008215","4011408","0.85"
"3001422","4000990","1.0"
"3007019","4010305","1.0"
"3005157","4006448","1.0"
"3005719","4006677","0.85"
"3005174","4009342","1.0"
"3000076","4010331","1.0"
"3001364","4008873","1.0"
"3002381","4005261","0.85"
"3006887","4009836","1.0"
"3005215","4007981","1.0"
"3005176","4012017","1.0"
"3007820","4000199","1.0"
"3003807","4009429","0.85"
"3002392","4005722","1.0"
"3001527","4000588","0.85"
"3004594","4010425","1.0"
"3007858","4000032","1.0"
"3006322","4011518","1.0"
"3005142","4004654","1.0"
"3001459","4000479","1.0"
"3005662","4004118","0.85"
"3009132","4005804","0.85"
"3002588","4006389","1.0"
"3001568","4005945","0.85"
"3004901","4009378","1.0"
"3001343","4010575","0.85"
"3002208","4003594","1.0"
"3004793","4009222","1.0"
"3009510","4000649","0.85"
"3000766","4008668","1.0"
"3004141","4001826","1.0"
"3001344","4008738","1.0"
"3005035","4001896","1.0"
"3002752","4007747","0.85"
"3006422","4000932","1.0"
"3002645","4001712","1.0"
"3003490","4007723","0.85"
"3007642","4004330","1.0"
"3005022","4001753","1.0"
"3009020","4008276","0.85"
"3006924","4006165","0.85"
"3000644","4003217","1.0"
"3005954","4006148","1.0"
"3000371","4007512","1.0"
"3000178","4011582","1.0"
"3007087","4011419","0.9392857142857143"
"3008820","4003776","0.9346153846153846"
"3008321","4000341","1.0"
"3001203","4001185","1.0"
"3003778","4011500","0.85"
"3008893","4009733","1.0"
"3004651","4002283","1.0"
"3004819","4011626","1.0"
"3007763","4009910","1.0"
"3000690","4003939","1.0"
"3005168","4004685","1.0"
"3006362","4005446","0.85"
"3000733","4001024","1.0"
"3004409","4008854","1.0"
"3001882","4010069","1.0"
"3003676","4009104","1.0"
"3007512","4005809","0.85"
"3000514","4007456","1.0"
"3005498","4010280","1.0"
"3001155","4003986","0.85"
"3003829","4005364","0.85"
"3004070","4010581","0.85"
"3000384","4003884","1.0"
"3005024","4005491","1.0"
"3001784","4011252","1.0"
"3004661","4009026","1.0"
"3005155","4011309","0.85"
"3005513","4010274","1.0"
"3000374","4010038","1.0"
"3006655","4008574","1.0"
"3009517","4010193","0.85"
"3001691","4000718","1.0"
"3007106","4010311","0.85"
"3002766","4010947","0.85"
"3004060","4007720","1.0"
"3005671","4011354","0.85"
"3004066","4003260","0.85"
"3002875","4010983","0.85"
"3001461","4005778","1.0"
"3008725","4001746","1.0"
"3001906","4008814","0.85"
"3003836","4008449","0.85"
"3007101","4007638","0.85"
"3007907","4005486","0.85"
"3008220","4004202","1.0"
"3007778","4006447","1.0"
"3004175","4009755","1.0"
"3001856","4003627","1.0"
"3000423","4003514","0.85"
"3003766","4004250","1.0"
"3001388","4010184","1.0"
"3001339","4005746","1.0"
"3005708","4004323","1.0"
"3001386","4010167","0.85"
"3005129","4009292","1.0"
"3004091","4008063","0.85"
"3004392","4004138","0.85"
"3006124","4001736","1.0"
"3006931","4004011","1.0"
"3009264","4005596","1.0"
"3001150","4000826","1.0"
"3002367","4001557","0.85"
"3004093","4001962","1.0"
"3006388","4007242","1.0"
"3000457","4008782","0.85"
"3004215","4007226","0.85"
"3003793","4011506","1.0"
"3001592","4007130","0.85"
"3001259","4010080","1.0"
"3004484","4011386","0.85"
"3005421","4002173","1.0"
"3004018","4011315","1.0"
"3004902","4004751","1.0"
"3001581","4008804","0.85"
"3006952","4008938","1.0"
"3008194","4010905","0.9392857142857143"
"3001868","4005767","0.85"
"3000746","4005597","1.0"
"3001682","4003796","0.85"
"3007066","4008928","1.0"
"3004089","4007987","0.85"
"3000339","4007321","0.85"
"3008402","4009886","0.85"
"3006807","4007555","1.0"
"3001545","4008841","0.85"
"3002181","4008714","0.85"
"3004600","4004265","0.85"
"3006007","4001376","0.8683333333333333"
"3006439","4001207","0.85"
"3001185","4000114","1.0"
"3004404","4011529","1.0"
"3009323","4008837","1.0"
"3006809","4009369","1.0"
"3003770","4009086","0.85"
"3007788","4011636","1.0"
"3008219","4001432","1.0"
"3005240","4002323","0.85"
"3002681","4004453","0.85"
"3006398","4011050","1.0"
"3008840","4009047","0.85"
"3009133","4000530","1.0"
"3001329","4010060","0.9392857142857143"
"3006927","4001310","1.0"
"3003526","4002941","1.0"
"3000418","4003549","0.85"
"3006587","4011047","0.85"
"3001497","4003980","1.0"
"3000348","4008683","1.0"
"3005115","4011571","1.0"
"3004185","4007180","1.0"
"3000564","4003135","1.0"
"3004228","4010431","0.85"
"3009186","4000836","1.0"
"3001353","4005424","1.0"
"3004328","4006602","0.9527777777777777"
"3005152","4010651","1.0"
"3007079","4008929","1.0"
"3006966","4000017","1.0"
"3001277","4001062","0.85"
"3009498","4000721","1.0"
"3004317","4001978","1.0"
"3001355","4000553","1.0"
"3005125","4009193","1.0"
"3002887","4009713","0.85"
"3000882","4000937","1.0"
"3001528","4000854","1.0"
"3000089","4004321","1.0"
"3006085","4009105","1.0"
"3004476","4010275","1.0"
"3008269","4001634","1.0"
"3009059","4003948","1.0"
"3005156","4011766","0.85"
"3005961","4008980","1.0"
"3007649","4011151","0.85"
"3001751","4011251","0.85"
"3007750","4003414","1.0"
"3004742","4008079","0.85"
"3004126","4008988","1.0"
"3001809","4009984","0.85"
"3006851","4009474","1.0"
"3009208","4000647","0.85"
"3004811","4011622","1.0"
"3004798","4007908","1.0"
"3007669","4009852","0.85"
"3000830","4007813","1.0"
"3000829","4008592","1.0"
"3009964","4003747","0.85"
"3008818","4010026","1.0"
"3007891","4005542","1.0"
"3008199","4010920","1.0"
"3001299","4010104","1.0"
"3004513","4009058","1.0"
"3003805","4008872","1.0"
"3001547","4010173","1.0"
"3009165","4002724","0.8583333333333334"
"3006391","4011085","0.85"
"3003474","4004312","1.0"
"3000686","4006175","1.0"
"3003620","4011455","1.0"
"3000382","4005682","0.85"
"3008882","4009863","1.0"
"3006363","4009891","1.0"
"3009756","4010283","1.0"
"3000248","4000443","1.0"
"3006968","4007132","0.85"
"3006519","4011102","0.85"
"3005084","4008601","0.85"
"3008305","4010298","0.85"
"3006812","4008956","1.0"
"3002658","4009168","1.0"
"3009267","4007423","1.0"
"3005680","4003967","0.9227272727272727"
"3004137","4007941","1.0"
"3007726","4007571","1.0"
"3000734","4008869","1.0"
"3005114","4002460","0.85"
"3009635","4000671","1.0"
"3004668","4010368","0.85"
"3009500","4006134","0.85"
"3000844","4008882","1.0"
"3006370","4011732","1.0"
"3000417","4000785","1.0"
"3009746","4006922","1.0"
"3000584","4010142","1.0"
"3001234","4001669","0.85"
"3004370","4010400","0.85"
"3001551","4003512","0.85"
"3007720","4000097","1.0"
"3000794","4000746","1.0"
"3004699","4011061","1.0"
"3001559","4007517","1.0"
"3009286","4008811","1.0"
"3004614","4011524","1.0"
"3006970","4000180","0.85"
"3004163","4007957","0.85"
"3002189","4007415","1.0"
"3001262","4005953","1.0"
"3005431","4010479","1.0"
"3001347","4010572","1.0"
"3001542","4005995","1.0"
"3004491","4010394","1.0"
"3006956","4011434","1.0"
"3001465","4007068","1.0"
"3003340","4006164","1.0"
"3001261","4001142","1.0"
"3006985","4011038","0.85"
"3000638","4007784","0.85"
"3001629","4011268","1.0"
"3002363","4006093","1.0"
"3008242","4011339","1.0"
"3001881","4010068","0.85"
"3001284","4010081","1.0"
"3004592","4009132","0.85"
"3007058","4008540","0.85"
"3007719","4000165","1.0"
"3004108","4011475","1.0"
"3004274","4007859","1.0"
"3004329","4010545","1.0"
"3006399","4009888","0.85"
"3000617","4010149","0.85"
"3005311","4004568","1.0"
"3004590","4004248","1.0"
"3001762","4000513","0.85"
"3005032","4011581","1.0"
"3006406","4011103","1.0"
"3000610","4000742","0.85"
"3008147","4000015","1.0"
"3000756","4005601","1.0"
"3004656","4001635","0.85"
"3000851","4008881","1.0"
"3007065","4008926","1.0"
"3005222","4002399","0.85"
"3001399","4000880","0.9291666666666666"
"3005230","4006321","1.0"
"3001306","4000381","1.0"
"3006342","4007144","1.0"
"3005325","4006592","1.0"
"3000342","4008992","1.0"
"3005497","4006085","1.0"
"3005991","4004141","0.8785714285714287"
"3004891","4010945","1.0"
"3007118","4011439","1.0"
"3007076","4007588","1.0"
"3004037","4006210","1.0"
"3007668","4005515","1.0"
"3001893","4007382","1.0"
"3006774","4010415","0.85"
"3006957","4007675","0.85"
"3004687","4001244","1.0"
"3009204","4003700","0.85"
"3007007","4011352","0.85"
"3002836","4010476","0.85"
"3004399","4008586","1.0"
"3002234","4004000","1.0"
"3004067","4010417","0.85"
"3002737","4010984","1.0"
"3008710","4011361","0.8583333333333334"
"3005223","4011686","1.0"
"3008712","4011367","0.85"
"3006415","4003355","1.0"
"3007414","4011071","1.0"
"3002835","4010781","0.85"
"3006316","4009947","0.85"
"3007062","4007625","1.0"
"3001168","4003713","0.85"
"3009126","4003528","1.0"
"3003088","4007952","1.0"
"3006933","4010073","1.0"
"3000670","4006121","1.0"
"3002188","4007305","1.0"
"3004591","4001544","0.85"
"3005011","4007088","0.85"
"3003787","4010355","1.0"
"3005327","4006332","1.0"
"3001152","4007375","0.85"
"3005036","4001646","0.85"
"3006658","4000081","1.0"
"3003930","4004031","1.0"
"3004545","4007852","1.0"
"3006368","4008602","0.85"
"3004284","4010536","1.0"
"3001631","4011262","1.0"
"3002977","4008604","1.0"
"3006806","4009492","0.85"
"3006214","4009114","0.85"
"3002943","4012074","1.0"
"3000823","4008672","0.85"
"3007674","4005497","1.0"
"3007097","4007525","1.0"
"3008204","4010872","1.0"
"3004049","4004051","0.95"
"3004186","4008569","1.0"
"3003074","4007101","1.0"
"3004676","4010362","0.85"
"3003359","4004420","0.85"
"3001313","4000577","0.9392857142857143"
"3006969","4003338","0.85"
"3000718","4007467","0.85"
"3006274","4003325","1.0"
"3001928","4004256","1.0"
"3002969","4009728","1.0"
"3001274","4000312","1.0"
"3006132","4000012","1.0"
"3004068","4004671","0.85"
"3006014","4006073","1.0"
"3001233","4005977","1.0"
"3007465","4002320","1.0"
"3005221","4011699","1.0"
"3004581","4009326","1.0"
"3006083","4011165","0.85"
"3007893","4005516","1.0"
"3004115","4003850","1.0"
"3004755","4001518","1.0"
"3001372","4005877","1.0"
"3005113","4000009","1.0"
"3006980","4000219","0.85"
"3006404","4011104","0.85"
"3009748","4006037","1.0"
"3005690","4008959","0.85"
"3000368","4001137","1.0"
"3006815","4006038","1.0"
"3004496","4010392","0.85"
"3001159","4011194","1.0"
"3000677","4011305","1.0"
"3004909","4008054","1.0"
"3000874","4000768","1.0"
"3008639","4008292","1.0"
"3001466","4007374","0.85"
"3004741","4007896","1.0"
"3002331","4009719","0.85"
"3001241","4002017","1.0"
"3003566","4006220","1.0"
"3002736","4012038","0.85"
"3005154","4010653","1.0"
"3009744","4006917","1.0"
"3004260","4011478","0.85"
"3003320","4012079","1.0"
"3000038","4006184","1.0"
"3005120","4001912","1.0"
"3003085","4011031","1.0"
"3009977","4000859","1.0"
"3005511","4007560","0.85"
"3007911","4000045","1.0"
"3002767","4004217","1.0"
"3001523","4000816","1.0"
"3001723","4003659","1.0"
"3002425","4003840","0.85"
"3000678","4009989","1.0"
"3001794","4011253","0.85"
"3004119","4006312","0.85"
"3007692","4011128","0.85"
"3004608","4008547","1.0"
"3006810","4006003","0.85"
"3003599","4000000","0.85"
"3005251","4008039","1.0"
"3003723","4002766","0.85"
"3005253","4011709","0.85"
"3000266","4007307","0.85"
"3002430","4007714","1.0"
"3005159","4009403","1.0"
"3009499","4008770","1.0"
"3000676","4007384","0.85"
"3009494","4008768","1.0"
"3000671","4000741","0.85"
"3002641","4001601","1.0"
"3007405","4011070","1.0"
"3002521","4002226","0.85"
"3004452","4010841","0.8866666666666667"
"3002904","4005265","0.85"
"3009502","4009108","1.0"
"3000182","4001915","1.0"
"3001245","4007366","1.0"
"3002617","4009739","1.0"
"3005342","4007904","0.85"
"3006659","4011156","0.85"
"3000252","4000556","1.0"
"3006813","4004953","1.0"
"3004401","4004244","0.85"
"3007892","4003271","1.0"
"3006588","4007176","0.85"
"3001701","4000466","1.0"
"3000836","4005738","1.0"
"3006649","4005782","0.85"
"3007643","4009935","1.0"
"3007721","4005482","1.0"
"3005487","4008920","1.0"
"3002560","4010406","0.85"
"3001171","4005510","0.8785714285714287"
"3004851","4005745","1.0"
"3002806","4012067","1.0"
"3006006","4008953","0.85"
"3004046","4009088","1.0"
"3001626","4000567","1.0"
"3006913","4009848","1.0"
"3002749","4004072","0.85"
"3008842","4006033","0.85"
"3009158","4006041","1.0"
"3001286","4011241","0.85"
"3000341","4010147","1.0"
"3007691","4003306","1.0"
"3000325","4003501","1.0"
"3005249","4008160","0.85"
"3001438","4000407","1.0"
"3001454","4000239","1.0"
"3007665","4011117","1.0"
"3001889","4010072","0.85"
"3001557","4007513","1.0"
"3005041","4002469","0.85"
"3001904","4005736","0.85"
"3000353","4001430","0.85"
"3008858","4010284","0.85"
"3000463","4011260","1.0"
"3005989","4008939","1.0"
"3008789","4000425","0.85"
"3008494","4001657","0.85"
"3001001","4003815","0.85"
"3008405","4001276","0.85"
"3004009","4003861","1.0"
"3006693","4009798","1.0"
"3009195","4003983","1.0"
"3005028","4011674","0.85"
"3007994","4009842","0.8583333333333334"
"3004355","4009111","1.0"
"3002893","4003042","1.0"
"3004670","4004367","1.0"
"3004138","4006514","1.0"
"3004903","4001967","0.85"
"3004728","4009173","1.0"
"3009367","4003715","1.0"
"3001128","4000980","1.0"
"3005780","4005435","0.85"
"3007680","4011113","1.0"
"3006424","4001372","0.9645833333333333"
"3003421","4004200","0.9392857142857143"
"3006530","4003371","0.85"
"3004633","4009794","1.0"
"3004828","4007220","1.0"
"3007310","4010258","1.0"
"3007717","4000160","0.85"
"3000506","4005890","0.9527777777777777"
"3004411","4000028","1.0"
"3003543","4005937","0.9613636363636364"
"3006374","4011105","1.0"
"3001570","4003458","0.85"
"3002394","4009808","0.85"
"3006331","4009869","0.95"
"3004095","4006462","0.85"
"3001472","4010000","0.85"
"3006599","4011163","1.0"
"3006668","4008576","1.0"
"3000840","4011231","1.0"
"3003689","4010348","0.85"
"3005418","4002308","1.0"
"3006903","4001504","1.0"
"3001130","4005979","1.0"
"3008485","4003455","0.85"
"3001586","4010048","0.85"
"3004434","4001935","1.0"
"3001899","4000688","0.9346153846153846"
"3000264","4009971","0.85"
"3007685","4011115","1.0"
"3008092","4011933","1.0"
"3000126","4001637","1.0"
"3006791","4007024","0.85"
"3004114","4000070","0.85"
"3001867","4003599","1.0"
"3001624","4007328","1.0"
"3007313","4011388","1.0"
"3001316","4007438","1.0"
"3009216","4011235","1.0"
"3006333","4000185","1.0"
"3008695","4010225","0.85"
"3007888","4000215","0.85"
"3002654","4006300","1.0"
"3007003","4011359","1.0"
"3003304","4003240","1.0"
"3009268","4001196","1.0"
"3000308","4011307","1.0"
"3002523","4003117","1.0"
"3002534","4010990","0.85"
"3004313","4002301","1.0"
"3001811","4011255","1.0"
"3008234","4008947","1.0"
"3001855","4010062","0.85"
"3009865","4004634","0.85"
"3007517","4009851","0.85"
"3003583","4005704","1.0"
"3006666","4011161","1.0"
"3004310","4007918","1.0"
"3007112","4011438","1.0"
"3001729","4005690","1.0"
"3000284","4011181","1.0"
"3000343","4010148","0.85"
"3008079","4005230","1.0"
"3003576","4008506","1.0"
"3005179","4008049","1.0"
"3002244","4001743","1.0"
"3006051","4004128","1.0"
"3004166","4007935","1.0"
"3008158","4009751","1.0"
"3008957","4007706","0.85"
"3008263","4007690","1.0"
"3006075","4008337","1.0"
"3004439","4002450","1.0"
"3000322","4001510","1.0"
"3001803","4006488","1.0"
"3001513","4003341","1.0"
"3004740","4007529","1.0"
"3000490","4001209","1.0"
"3008264","4001444","0.85"
"3004659","4001523","1.0"
"3009513","4008945","0.85"
"3003596","4011495","1.0"
"3004788","4001350","1.0"
"3007859","4011078","1.0"
"3009652","4010022","0.85"
"3006346","4009870","0.85"
"3004923","4005458","1.0"
"3000681","4011279","0.85"
"3001373","4003641","1.0"
"3003594","4006263","1.0"
"3001197","4000568","1.0"
"3006454","4011360","1.0"
"3000269","4003602","1.0"
"3004521","4010559","1.0"
"3008225","4004103","0.85"
"3008193","4008379","1.0"
"3009546","4005916","0.85"
"3001900","4000380","1.0"
"3008454","4006127","1.0"
"3000806","4008905","1.0"
"3006392","4008571","0.85"
"3006675","4011162","1.0"
"3001318","4011209","0.85"
"3004012","4004424","0.9392857142857143"
"3004293","4009205","1.0"
"3008699","4000952","0.85"
"3004012","4008461","1.0"
"3006289","4010139","1.0"
"3003781","4007480","1.0"
"3001468","4009992","1.0"
"3006022","4004093","1.0"
"3003106","4008493","0.85"
"3004369","4006203","1.0"
"3003666","4004297","1.0"
"3003771","4004282","1.0"
"3007182","4002395","1.0"
"3000430","4007327","1.0"
"3004969","4007154","1.0"
"3001970","4001146","1.0"
"3007704","4009957","1.0"
"3009745","4010279","1.0"
"3006137","4007471","0.946875"
"3001169","4003804","1.0"
"3000375","4011425","0.85"
"3006224","4011371","1.0"
"3007886","4005490","1.0"
"3004189","4003265","1.0"
"3003500","4011497","0.85"
"3004376","4010401","0.85"
"3001639","4010047","0.85"
"3001675","4005508","1.0"
"3005618","4006697","0.85"
"3001410","4011285","0.85"
"3007900","4009908","1.0"
"3002801","4009773","0.85"
"3001603","4005818","0.85"
"3000029","4007386","1.0"
"3000358","4003947","1.0"
"3003012","4012084","1.0"
"3001309","4001025","1.0"
"3008404","4002029","1.0"
"3007002","4004191","0.85"
"3003011","4012085","1.0"
"3009605","4007536","0.85"
"3007100","4001390","1.0"
"3008788","4000764","0.85"
"3008955","4006047","0.9552631578947369"
"3006337","4008549","1.0"
"3003111","4008520","0.85"
"3008275","4009006","1.0"
"3004415","4008940","1.0"
"3008313","4009019","1.0"
"3000493","4006090","0.85"
"3000818","4007839","1.0"
"3000878","4000579","1.0"
"3004212","4004709","1.0"
"3004455","4011666","0.85"
"3005891","4011349","1.0"
"3006614","4004442","1.0"
"3004721","4007874","1.0"
"3008642","4000140","1.0"
"3001605","4005608","1.0"
"3008395","4006549","1.0"
"3007751","4007213","0.85"
"3001170","4006612","0.85"
"3001787","4001200","1.0"
"3006918","4011142","1.0"
"3000863","4000646","1.0"
"3004832","4000989","0.85"
"3001864","4011216","1.0"
"3001317","4011210","1.0"
"3000503","4007514","1.0"
"3005936","4001571","1.0"
"3006838","4001500","1.0"
"3004251","4010420","1.0"
"3005313","4002475","1.0"
"3009097","4008958","0.85"
"3002762","4010421","0.85"
"3006306","4008635","1.0"
"3000255","4000666","1.0"
"3006351","4011042","0.85"
"3004239","4009077","1.0"
"3006541","4008609","0.85"
"3007419","4008662","0.85"
"3007504","4009862","1.0"
"3000643","4005990","1.0"
"3005177","4011770","0.85"
"3001453","4008728","0.85"
"3005889","4001436","1.0"
"3001396","4011278","0.85"
"3008192","4002866","0.85"
"3005392","4006048","1.0"
"3006804","4001337","1.0"
"3009192","4000316","1.0"
"3006870","4009896","0.85"
"3000388","4005611","1.0"
"3002454","4001641","0.85"
"3004071","4001792","0.85"
"3006902","4004331","0.85"
"3000389","4001011","1.0"
"3001898","4007403","1.0"
"3006313","4010049","0.85"
"3005001","4001854","1.0"
"3000569","4007744","1.0"
"3001349","4006688","1.0"
"3006719","4008629","0.85"
"3002733","4011030","1.0"
"3005127","4004417","1.0"
"3006849","4005437","1.0"
"3008623","4001155","1.0"
"3004829","4005672","0.85"
"3003374","4012031","0.9291666666666666"
"3008232","4009022","1.0"
"3002676","4004889","1.0"
"3000594","4003579","1.0"
"3005328","4001791","1.0"
"3003816","4008367","1.0"
"3001226","4005802","1.0"
"3006482","4008596","1.0"
"3004372","4006272","0.85"
"3001409","4010019","1.0"
"3001346","4009310","1.0"
"3003073","4006434","1.0"
"3003933","4005489","1.0"
"3004214","4004708","1.0"
"3007582","4009962","1.0"
"3001437","4010024","1.0"
"3003932","4000075","1.0"
"3008326","4007643","0.85"
"3006591","4005586","0.85"
"3007246","4006053","1.0"
"3006824","4008915","1.0"
"3006364","4005438","1.0"
"3001628","4008800","0.915"
"3003780","4001589","1.0"
"3003808","4003284","1.0"
"3006664","4007250","0.9291666666666666"
"3006783","4007199","0.85"
"3000764","4011247","0.85"
"3006982","4011036","0.85"
"3001235","4000349","1.0"
"3005243","4008011","1.0"
"3004306","4002289","1.0"
"3010088","4009417","1.0"
"3006480","4000273","0.85"
"3004016","4005780","1.0"
"3008947","4001368","0.85"
"3006879","4005936","1.0"
"3005952","4004892","0.85"
"3004523","4010561","0.85"
"3002091","4011270","1.0"
"3002021","4007189","0.85"
"3001830","4008386","1.0"
"3004835","4003482","0.85"
"3003123","4012034","1.0"
"3009339","4003465","0.9575"
"3004149","4004434","0.89375"
"3000861","4000699","1.0"
"3000381","4007335","1.0"
"3005890","4009979","1.0"
"3004664","4011535","1.0"
"3001752","4000872","0.85"
"3000812","4011290","0.85"
"3000763","4000516","1.0"
"3004913","4007853","1.0"
"3001369","4000292","1.0"
"3001236","4001065","1.0"
"3001806","4009976","1.0"
"3005245","4007999","0.85"
"3003491","4010230","0.85"
"3003607","4006267","1.0"
"3004440","4004613","1.0"
"3005247","4007653","1.0"
"3004677","4010363","1.0"
"3004673","4006279","0.85"
"3003524","4009211","0.85"
"3005304","4002174","0.85"
"3003669","4004259","1.0"
"3001739","4000940","1.0"
"3007336","4006044","0.85"
"3006582","4008570","1.0"
"3000378","4008680","1.0"
"3008696","4009034","0.85"
"3000550","4011138","0.85"
"3006130","4000089","0.85"
"3007217","4007681","1.0"
"3004632","4008605","1.0"
"3007064","4007635","0.9433333333333334"
"3009558","4000474","1.0"
"3003528","4008120","1.0"
"3006491","4008573","1.0"
"3004655","4007794","0.85"
"3004605","4006209","1.0"
"3000752","4011248","1.0"
"3002809","4008855","0.85"
"3007116","4011437","1.0"
"3008323","4006155","1.0"
"3001916","4010125","1.0"
"3003559","4006339","1.0"
"3003749","4010991","1.0"
"3009820","4000470","1.0"
"3001648","4010117","0.85"
"3001162","4000563","1.0"
"3007222","4011403","1.0"
"3001577","4007462","0.85"
"3006647","4001295","0.85"
"3006359","4003273","1.0"
"3003593","4001632","0.85"
"3009640","4003782","0.85"
"3002701","4008447","1.0"
"3006914","4007634","0.85"
"3008087","4009614","1.0"
"3000311","4002210","0.9291666666666666"
"3004292","4010405","1.0"
"3006595","4008631","0.85"
"3006907","4007129","1.0"
"3001533","4007308","0.85"
"3000458","4003572","1.0"
"3000736","4004012","0.85"
"3004398","4001609","1.0"
"3004254","4009143","0.85"
"3003378","4012110","1.0"
"3007663","4008561","0.85"
"3001175","4000016","1.0"
"3007020","4011357","0.85"
"3003600","4001043","0.85"
"3006414","4008556","1.0"
"3000853","4003859","1.0"
"3001367","4003856","1.0"
"3004593","4008835","0.95"
"3005658","4010319","1.0"
"3002022","4011119","0.85"
"3002748","4004355","0.85"
"3001362","4007542","1.0"
"3002958","4008479","1.0"
"3000452","4000607","0.85"
"3001638","4007334","1.0"
"3000615","4007472","1.0"
"3003784","4000094","0.85"
"3009288","4008819","1.0"
"3006081","4005493","1.0"
"3005329","4007937","1.0"
"3006786","4007150","1.0"
"3001632","4000571","0.85"
"3008692","4009030","1.0"
"3006808","4011429","1.0"
"3000251","4003655","0.85"
"3001342","4007333","1.0"
"3005781","4006142","0.85"
"3006978","4005450","0.85"
"3001263","4004766","1.0"
"3004343","4006647","0.89375"
"3001717","4003801","0.85"
"3000852","4001069","1.0"
"3001657","4006004","0.85"
"3004096","4009726","0.85"
"3001132","4000983","1.0"
"3004176","4003847","0.85"
"3004371","4006212","0.85"
"3001282","4008724","1.0"
"3006934","4000945","1.0"
"3002348","4007611","1.0"
"3009559","4005679","1.0"
"3006672","4009849","1.0"
"3005383","4011584","0.871875"
"3008052","4006633","1.0"
"3002670","4009737","0.85"
"3009489","4002806","0.85"
"3002397","4007388","1.0"
"3000630","4001449","1.0"
"3002538","4008916","0.85"
"3003705","4004404","0.85"
"3001428","4011200","0.85"
"3005943","4007568","1.0"
"3009315","4008710","1.0"
"3006785","4007201","1.0"
"3005008","4009301","0.85"
"3008196","4010941","1.0"
"3009131","4000432","1.0"
"3006401","4011098","1.0"
"3009991","4008204","1.0"
"3003804","4011553","0.85"
"3000559","4010136","1.0"
"3001330","4007687","1.0"
"3000778","4009977","1.0"
"3004041","4010409","1.0"
"3000037","4006285","0.85"
"3004181","4008726","1.0"
"3001641","4005691","1.0"
"3001171","4007337","1.0"
"3007877","4009829","1.0"
"3003015","4012088","1.0"
"3005340","4010455","1.0"
"3001857","4011220","1.0"
"3004148","4002208","1.0"
"3002770","4010343","0.85"
"3003789","4010356","1.0"
"3003822","4008917","1.0"
"3000408","4010092","1.0"
"3006878","4000080","1.0"
"3002403","4008480","1.0"
"3007653","4011154","0.85"
"3001345","4010063","0.9527777777777777"
"3000709","4006259","0.9055555555555556"
"3006618","4005584","1.0"
"3007508","4007254","0.85"
"3005483","4004130","0.85"
"3007198","4006478","1.0"
"3001383","4009040","1.0"
"3005666","4006078","0.85"
"3000616","4010178","1.0"
"3004531","4006500","1.0"
"3009284","4005762","1.0"
"3007098","4002516","1.0"
"3007044","4011109","1.0"
"3001442","4010025","0.85"
"3005319","4004423","1.0"
"3002517","4001454","1.0"
"3009511","4001564","1.0"
"3007383","4000498","1.0"
"3001426","4001004","1.0"
"3009083","4007616","1.0"
"3003110","4007057","0.85"
"3000496","4002665","0.85"
"3006021","4007661","1.0"
"3002873","4001012","1.0"
"3001572","4009155","1.0"
"3006349","4011046","1.0"
"3001676","4008464","1.0"
"3004113","4001218","0.85"
"3003768","4004352","1.0"
"3003002","4005305","1.0"
"3000383","4003673","1.0"
"3001394","4008789","1.0"
"3006781","4003951","1.0"
"3003883","4007075","1.0"
"3000692","4003984","1.0"
"3008191","4005184","1.0"
"3008703","4006077","1.0"
"3002142","4003635","1.0"
"3004241","4001620","1.0"
"3000792","4002562","1.0"
"3006435","4008559","1.0"
"3000318","4004224","1.0"
"3006394","4008534","1.0"
"3000710","4011323","1.0"
"3001525","4011179","1.0"
"3005172","4011774","1.0"
"3009541","4001205","1.0"
"3007018","4010224","0.85"
"3007077","4010293","1.0"
"3003182","4010992","0.85"
"3004094","4006330","1.0"
"3009205","4010064","1.0"
"3001687","4000776","1.0"
"3000795","4003843","1.0"
"3005143","4002449","1.0"
"3000464","4003628","1.0"
"3007454","4011417","0.85"
"3006426","4009127","1.0"
"3006474","4011133","0.85"
"3000487","4000615","1.0"
"3005673","4010320","1.0"
"3000354","4000759","1.0"
"3009085","4007670","1.0"
"3000702","4010157","1.0"
"3005305","4002239","0.85"
"3002768","4010342","0.946875"
"3007769","4003408","1.0"
"3009976","4005640","0.85"
"3006945","4002834","1.0"
"3008930","4002584","0.85"
"3008183","4002898","1.0"
"3002910","4009017","1.0"
"3007022","4011356","1.0"
"3002088","4010036","1.0"
"3001878","4007325","0.85"
"3004602","4010003","1.0"
"3000613","4008850","1.0"
"3003894","4010973","1.0"
"3006479","4011065","1.0"
"3001552","4011180","1.0"
"3000804","4008842","1.0"
"3006911","4009892","1.0"
"3008185","4002875","0.85"
"3004643","4011287","1.0"
"3007317","4006032","0.85"
"3002785","4005380","0.85"
"3000653","4008080","1.0"
"3002283","4010248","1.0"
"3002742","4009051","0.85"
"3010044","4004006","0.85"
"3005009","4006521","0.85"
"3002431","4007603","1.0"
"3005410","4011743","0.85"
"3001441","4003631","0.85"
"3009077","4011432","1.0"
"3000601","4001084","1.0"
"3006000","4007624","1.0"
"3001285","4010511","1.0"
"3001595","4008772","0.85"
"3001160","4003548","0.85"
"3004136","4001914","1.0"
"3006877","4009833","1.0"
"3006665","4011158","0.85"
"3000819","4001124","1.0"
"3000369","4007589","0.85"
"3003764","4001603","0.85"
"3000406","4008755","1.0"
"3004090","4007985","1.0"
"3008648","4007469","0.85"
"3001773","4008892","0.85"
"3005938","4007627","1.0"
"3007430","4008906","0.85"
"3004514","4001467","1.0"
"3002826","4007993","0.85"
"3005227","4002193","0.85"
"3006403","4009889","1.0"
"3008713","4011368","1.0"
"3004111","4010380","1.0"
"3000640","4005946","0.85"
"3005967","4008990","0.85"
"3002125","4001081","1.0"
"3006038","4011441","1.0"
"3004896","4011722","0.85"
"3005687","4009010","1.0"
"3006909","4006288","1.0"
"3000409","4011273","1.0"
"3001138","4000546","1.0"
"3001460","4000975","1.0"
"3007086","4011406","0.85"
"3005147","4011768","1.0"
"3005126","4001941","1.0"
"3007448","4007550","0.85"
"3001490","4010093","1.0"
"3004315","4002063","1.0"
"3006358","4008431","1.0"
"3007749","4000275","1.0"
"3009550","4001064","1.0"
"3001863","4003857","1.0"
"3006607","4007251","0.85"
"3008843","4006026","1.0"
"3004130","4011452","1.0"
"3006841","4007147","1.0"
"3000768","4007349","0.9527777777777777"
"3007431","4006195","1.0"
"3004438","4009260","1.0"
"3007433","4001277","0.85"
"3006335","4003277","1.0"
"3002218","4000300","1.0"
"3004675","4010360","1.0"
"3006015","4010269","1.0"
"3000849","4001508","1.0"
"3004048","4004193","1.0"
"3006828","4010300","1.0"
"3004321","4004804","1.0"
"3007249","4003965","1.0"
"3000581","4006978","0.9105263157894737"
"3007641","4000071","0.85"
"3009302","4003799","0.85"
"3003782","4009009","0.85"
"3004526","4002306","0.85"
"3005006","4009738","1.0"
"3006377","4011110","0.85"
"3004528","4001248","1.0"
"3003739","4007043","1.0"
"3004492","4009060","1.0"
"3001600","4005856","1.0"
"3009740","4008970","1.0"
"3000786","4001120","1.0"
"3008259","4007579","0.85"
"3006932","4004042","1.0"
"3001802","4000752","1.0"
"3009819","4000675","0.85"
"3005941","4001287","1.0"
"3006819","4007664","1.0"
"3009206","4003701","0.85"
"3004678","4010418","1.0"
"3002631","4012080","1.0"
"3009728","4002478","0.85"
"3006848","4000150","1.0"
"3007325","4009005","1.0"
"3004408","4005475","1.0"
"3006660","4006254","0.85"
"3001361","4000584","1.0"
"3000515","4011291","1.0"
"3000350","4000488","0.85"
"3003785","4010358","1.0"
"3001424","4000753","1.0"
"3005049","4006457","0.85"
"3000749","4003687","0.85"
"3004143","4001898","0.85"
"3002516","4005926","1.0"
"3002098","4001034","0.85"
"3000420","4003611","0.85"
"3006060","4011443","1.0"
"3005013","4001990","1.0"
"3006921","4011143","1.0"
"3000660","4003675","1.0"
"3004743","4008006","1.0"
"3001125","4005702","0.85"
"3004410","4010262","1.0"
"3006775","4005527","1.0"
"3004890","4004716","1.0"
"3004813","4009253","0.85"
"3009648","4010159","1.0"
"3004660","4006237","1.0"
"3008694","4011363","0.85"
"3002136","4003950","1.0"
"3004377","4009107","1.0"
"3000483","4005930","1.0"
"3006963","4003287","1.0"
"3006547","4009827","1.0"
"3004727","4004400","1.0"
"3003097","4011683","1.0"
"3006455","4011072","0.9433333333333334"
"3006531","4003410","1.0"
"3004235","4003315","1.0"
"3004123","4007792","1.0"
"3004402","4007789","1.0"
"3004875","4009525","1.0"
"3005175","4003312","0.85"
"3007666","4007182","1.0"
"3004406","4006224","0.85"
"3005507","4003818","0.85"
"3005959","4011383","0.85"
"3007214","4010286","0.85"
"3005128","4008598","1.0"
"3000858","4003999","1.0"
"3006965","4000209","0.85"
"3006477","4008551","1.0"
"3001257","4011239","0.85"
"3001770","4003506","1.0"
"3001332","4010059","0.85"
"3006360","4008627","1.0"
"3006396","4011465","1.0"
"3002503","4009100","1.0"
"3004117","4005693","1.0"
"3001137","4007345","0.85"
"3003483","4001347","1.0"
"3000271","4011191","1.0"
"3004703","4010352","1.0"
"3005415","4001934","1.0"
"3000612","4005857","1.0"
"3004500","4003330","0.85"
"3002131","4003989","1.0"
"3000355","4011186","0.85"
"3001637","4000352","1.0"
"3000461","4007042","1.0"
"3004800","4009248","0.85"
"3004544","4011735","1.0"
"3000855","4003255","1.0"
"3002912","4008150","0.85"
"3002251","4005812","0.85"
"3003472","4006189","1.0"
"3004613","4011525","1.0"
"3009200","4003299","1.0"
"3003493","4007594","1.0"
"3002426","4004369","0.85"
"3008861","4002761","0.85"
"3005145","4006307","1.0"
"3003376","4007459","1.0"
"3009123","4010012","1.0"
"3004433","4004426","1.0"
"3001148","4000459","1.0"
"3009191","4000359","1.0"
"3004374","4006294","0.85"
"3001301","4005878","1.0"
"3002484","4003220","0.85"
"3006485","4005589","0.85"
"3006983","4011037","1.0"
"3000268","4008794","1.0"
"3009127","4001161","1.0"
"3005958","4004410","1.0"
"3001250","4010755","0.85"
"3004400","4006219","0.85"
"3002421","4006185","0.85"
"3007408","4005546","1.0"
"3001929","4001096","1.0"
"3009638","4005754","0.9433333333333334"
"3008218","4001406","0.85"
"3009209","4005666","0.85"
"3002099","4007290","1.0"
"3004475","4011393","0.85"
"3004574","4006351","1.0"
"3002247","4008674","0.85"
"3000485","4000890","0.85"
"3005429","4011597","1.0"
"3002259","4006016","1.0"
"3008287","4006084","1.0"
"3003783","4009101","1.0"
"3001756","4010120","0.85"
"3007559","4005206","0.9392857142857143"
"3009211","4001132","1.0"
"3001417","4011196","1.0"
"3002556","4003141","1.0"
"3005801","4005932","1.0"
"3001522","4007493","1.0"
"3000315","4010146","1.0"
"3005399","4010266","0.85"
"3007085","4011404","0.9291666666666666"
"3006898","4000039","1.0"
"3001384","4000535","0.85"
"3006425","4005530","0.9595238095238094"
"3006483","4007238","0.85"
"3000797","4005256","1.0"
"3006993","4006076","1.0"
"3008368","4008851","1.0"
"3004172","4001647","1.0"
"3003603","4000013","1.0"
"3009087","4004026","1.0"
"3004824","4001727","1.0"
"3007863","4007151","1.0"
"3002246","4002296","1.0"
"3006282","4012106","0.8866666666666667"
"3000753","4005998","0.85"
"3000536","4003931","0.85"
"3001666","4007736","1.0"
"3005158","4005449","1.0"
"3006612","4011157","0.85"
"3004280","4000283","1.0"
"3001498","4009858","0.85"
"3005002","4001767","1.0"
"3004027","4000021","1.0"
"3004361","4006296","1.0"
"3002520","4005304","1.0"
"3005064","4011586","1.0"
"3001791","4000460","1.0"
"3004494","4001493","0.85"
"3001721","4000716","0.9613636363636364"
"3005804","4011379","1.0"
"3001249","4008753","0.85"
"3003536","4001871","1.0"
"3003480","4006213","0.85"
"3003773","4006255","1.0"
"3002429","4008442","1.0"
"3006795","4010508","1.0"
"3009140","4007399","1.0"
"3001561","4000469","0.85"
"3007878","4009902","1.0"
"3006136","4003446","1.0"
"3004424","4011530","1.0"
"3005887","4008330","1.0"
"3004099","4006529","1.0"
"3007682","4009901","0.85"
"3000074","4011418","1.0"
"3000719","4001358","0.85"
"3002382","4010212","0.85"
"3002746","4002805","1.0"
"3006897","4006201","0.85"
"3001814","4011254","0.85"
"3001174","4007340","1.0"
"3005061","4003118","0.85"
"3008187","4010915","1.0"
"3000303","4008207","1.0"
"3004112","4004310","1.0"
"3001252","4007803","1.0"
"3000831","4001482","1.0"
"3006339","4007486","1.0"
"3003544","4001569","1.0"
"3001983","4000853","1.0"
"3006772","4007785","1.0"
"3004662","4007753","1.0"
"3001321","4000505","1.0"
"3008547","4003286","1.0"
"3006656","4003373","0.85"
"3004722","4011711","1.0"
"3007551","4011084","0.85"
"3001205","4008475","1.0"
"3006077","4006200","0.85"
"3001607","4009931","1.0"
"3008419","4000810","1.0"
"3005960","4011384","1.0"
"3004715","4005986","1.0"
"3006492","4008590","1.0"
"3002871","4010981","1.0"
"3006823","4010307","1.0"
"3006869","4005942","1.0"
"3004121","4001094","0.946875"
"3000484","4003828","1.0"
"3001994","4003946","1.0"
"3004539","4007879","1.0"
"3009187","4003890","1.0"
"3001435","4003789","1.0"
"3003721","4012032","1.0"
"3002529","4005309","0.85"
"3002769","4010340","1.0"
"3008922","4003281","1.0"
"3005872","4004018","1.0"
"3004580","4009327","1.0"
"3002419","4001593","1.0"
"3003061","4002218","1.0"
"3001382","4005668","1.0"
"3009270","4000337","1.0"
"3006821","4010301","0.85"
"3001154","4000575","1.0"
"3007280","4004013","0.85"
"3002328","4007003","1.0"
"3002754","4001473","1.0"
"3004047","4004251","0.85"
"3002790","4006177","0.85"
"3009090","4004076","1.0"
"3007440","4005360","1.0"
"3001614","4003401","0.85"
"3001560","4000740","1.0"
"3000807","4010135","1.0"
"3004478","4010243","1.0"
"3003178","4001293","1.0"
"3006003","4008010","1.0"
"3007556","4011086","1.0"
"3006315","4009949","0.85"
"3000817","4008538","1.0"
"3004510","4010393","1.0"
"3005308","4010885","1.0"
"3006004","4007689","1.0"
"3009322","4011272","1.0"
"3006343","4007143","1.0"
"3004797","4004243","0.9575"
"3002141","4005861","1.0"
"3004477","4010278","1.0"
"3009519","4008971","1.0"
"3000680","4007477","0.8692307692307693"
"3007113","4010245","1.0"
"3004502","4004388","1.0"
"3000774","4011249","0.85"
"3006050","4001252","1.0"
"3009754","4010878","0.85"
"3003696","4005816","1.0"
"3005979","4008965","1.0"
"3006893","4007135","1.0"
"3001242","4007287","0.85"
"3003606","4006301","1.0"
"3006043","4004127","0.85"
"3000963","4001233","1.0"
"3000399","4003938","1.0"
"3004255","4011476","1.0"
"3000652","4007284","1.0"
"3006418","4003285","1.0"
"3002268","4005315","1.0"
"3009747","4007030","1.0"
"3001307","4000328","1.0"
"3007103","4004164","0.85"
"3003769","4004377","1.0"
"3006847","4005440","1.0"
"3007137","4008933","1.0"
"3005350","4001580","0.85"
"3008707","4010242","0.85"
"3002586","4008455","0.85"
"3008489","4010154","0.85"
"3004801","4001334","1.0"
"3002914","4007060","1.0"
"3004102","4001551","1.0"
"3005986","4010272","1.0"
"3001945","4008908","1.0"
"3001221","4005906","0.85"
"3002702","4010994","1.0"
"3006138","4000107","0.9552631578947369"
"3006974","4009995","1.0"
"3002753","4004236","1.0"
"3003537","4006446","1.0"
"3001151","4005901","1.0"
"3005416","4003955","1.0"
"3003616","4011514","1.0"
"3000579","4000977","1.0"
"3005034","4004447","1.0"
"3001223","4006005","1.0"
"3005703","4007001","0.85"
"3007567","4010180","1.0"
"3001204","4000561","0.85"
"3009207","4008675","1.0"
"3006037","4001956","1.0"
"3001599","4000802","1.0"
"3005005","4006520","1.0"
"3007084","4011405","1.0"
"3006999","4010221","0.85"
"3003927","4003324","1.0"
"3000654","4011301","1.0"
"3006671","4005433","0.85"
"3001239","4005653","1.0"
"3006066","4011444","0.85"
"3003880","4007680","1.0"
"3001724","4008701","1.0"
"3001381","4005969","0.85"
"3007139","4004870","0.85"
"3006829","4011431","1.0"
"3008627","4003066","0.85"
"3006043","4003366","0.8785714285714287"
"3007110","4011435","0.85"
"3004373","4009135","0.85"
"3001440","4007302","1.0"
"3006825","4008950","1.0"
"3003670","4004339","0.85"
"3001914","4007338","0.85"
"3009410","4000762","0.85"
"3001678","4010166","1.0"
"3003494","4010376","1.0"
"3001757","4009994","1.0"
"3002371","4008432","0.85"
"3006086","4009918","0.85"
"3004165","4009178","1.0"
"3005117","4002060","0.85"
"3009509","4007187","0.85"
"3006481","4000078","1.0"
"3004912","4006484","1.0"
"3006641","4004002","1.0"
"3000254","4000862","1.0"
"3004899","4002464","0.85"
"3001694","4005903","1.0"
"3000821","4010009","1.0"
