"4742","2006391","0.75"
"4742","2002187","0.75"
"4742","2001118","0.75"
"12454","2001332","0.7333333333333334"
"12454","2004540","0.7333333333333334"
"12454","2006728","0.7333333333333334"
"9485","2007913","0.78"
"9485","2006461","0.78"
"17753","2007992","0.7117647058823529"
"5102","2003303","0.7625"
"4063","2001112","0.7863636363636364"
"4063","2001453","0.7863636363636364"
"3787","2000882","0.83"
"9690","2006135","0.825"
"6201","2005049","0.7625"
"6201","2005687","0.7625"
"6201","2004964","0.7625"
"2715","2001118","0.75"
"2715","2003637","0.75"
"2715","2002519","0.75"
"2843","2008723","0.7625"
"11750","2003735","0.7722222222222221"
"1789","2001118","0.75"
"1789","2003637","0.75"
"1789","2002519","0.75"
"8662","2002201","0.7722222222222221"
"8948","2002994","0.7722222222222221"
"15145","2004683","0.78"
"4028","2007496","0.75"
"4028","2008022","0.8"
"4028","2008357","0.75"
"4028","2000368","0.75"
"4028","2007285","0.75"
"4057","2001323","0.7333333333333334"
"14312","2004193","0.7863636363636364"
"14312","2008338","0.7863636363636364"
"15633","2007042","0.7863636363636364"
"2027","2003868","0.7722222222222221"
"3554","2006730","0.78"
"3554","2001956","0.78"
"3554","2003533","0.78"
"3554","2000483","0.78"
"3554","2005649","1.0"
"3554","2000061","0.78"
"3554","2006215","1.0"
"13747","2001908","0.7625"
"1790","2001962","0.75"
"1790","2004687","0.75"
"1790","2005903","0.75"
"1793","2001896","0.78"
"9493","2004701","0.75"
"7130","2007205","1.0"
"7213","2008216","0.78"
"316","2001994","0.7227272727272727"
"318","2005571","0.7333333333333334"
"9980","2002372","0.75"
"8730","2005523","0.75"
"8730","2003333","0.75"
"8730","2000156","0.75"
"8730","2007964","0.75"
"6192","2001618","0.7722222222222221"
"6192","2000855","0.7722222222222221"
"6192","2007946","0.7722222222222221"
"545","2002173","0.7227272727272727"
"7725","2000261","0.7863636363636364"
"7725","2003232","0.7863636363636364"
"7725","2003314","0.7863636363636364"
"7725","2001640","0.7863636363636364"
"7725","2001228","0.7863636363636364"
"7725","2001990","0.7863636363636364"
"7725","2005859","0.7863636363636364"
"6523","2001433","0.7625"
"6815","2000261","0.7863636363636364"
"6815","2003232","0.7863636363636364"
"6815","2003314","0.7863636363636364"
"6815","2001640","1.0"
"6815","2001228","0.7863636363636364"
"6815","2001990","0.7863636363636364"
"6815","2005859","0.7863636363636364"
"13106","2006445","0.825"
"13106","2006444","0.825"
"3261","2002463","0.7863636363636364"
"5951","2002607","0.7333333333333334"
"13302","2007686","0.7625"
"13302","2000654","0.7625"
"13302","2008245","0.7625"
"12315","2000483","0.78"
"12315","2005649","0.78"
"12315","2000061","0.78"
"12315","2006215","0.78"
"1101","2002305","1.0"
"2629","2004531","0.75"
"10091","2006409","0.7333333333333334"
"10091","2008874","0.7333333333333334"
"11822","2006779","0.7863636363636364"
"11822","2001720","0.7863636363636364"
"11822","2006778","0.7863636363636364"
"1988","2007322","0.7083333333333333"
"10812","2008022","0.8"
"10812","2008357","0.75"
"10812","2000368","0.75"
"10812","2007285","0.75"
"10812","2001994","0.75"
"10812","2003057","0.75"
"9332","2002155","0.71"
"8056","2006779","0.7863636363636364"
"8056","2001720","0.7863636363636364"
"8056","2006778","0.7863636363636364"
"8056","2005367","0.7863636363636364"
"8056","2005383","0.7227272727272727"
"8056","2005852","0.7863636363636364"
"7098","2007245","0.7625"
"9772","2002766","1.0"
"9772","2008921","0.7625"
"9772","2006184","0.7625"
"5076","2008303","0.78"
"15026","2005421","0.7333333333333334"
"720","2005972","0.75"
"720","2001774","0.75"
"720","2007157","0.75"
"720","2003846","0.75"
"6426","2002372","0.75"
"6685","2000483","0.78"
"6685","2005649","0.78"
"6685","2000061","0.78"
"6685","2006215","0.78"
"5369","2008633","0.7722222222222221"
"15893","2000864","0.78"
"2132","2009054","0.7899999999999999"
"3546","2008338","0.7863636363636364"
"3672","2003085","0.7333333333333334"
"3672","2007819","0.7333333333333334"
"1118","2001830","1.0"
"2547","2002236","0.7333333333333334"
"2547","2006804","0.7333333333333334"
"11460","2005006","0.7722222222222221"
"11460","2001316","0.7722222222222221"
"11460","2007970","0.7722222222222221"
"10045","2006826","0.75"
"10045","2007918","0.75"
"2782","2002758","0.7227272727272727"
"10544","2001760","1.0"
"10544","2007827","0.71"
"10560","2000819","0.7625"
"1952","2001640","0.7863636363636364"
"1952","2001228","0.7863636363636364"
"1952","2001990","0.7863636363636364"
"1952","2005859","0.7863636363636364"
"1952","2000682","0.7863636363636364"
"1952","2006996","0.7863636363636364"
"1952","2007256","0.7863636363636364"
"1952","2007311","0.7863636363636364"
"1952","2008980","0.7863636363636364"
"9296","2005244","0.75"
"9296","2005678","0.75"
"9362","2007403","0.75"
"9439","2007106","0.7863636363636364"
"8398","2002493","0.7722222222222221"
"7078","2001774","0.75"
"7078","2007157","0.75"
"7078","2003846","0.75"
"7078","2000149","0.75"
"17125","2000005","0.7333333333333334"
"8511","2001438","0.7625"
"7363","2005611","1.0"
"7363","2001308","0.78"
"7363","2003679","0.78"
"7363","2003364","0.78"
"7363","2001276","0.78"
"7363","2003864","0.78"
"7577","2007566","0.7625"
"7644","2006631","0.75"
"5236","2001618","0.7722222222222221"
"5236","2000855","0.7722222222222221"
"5236","2007946","0.7722222222222221"
"5250","2004294","0.75"
"5250","2005605","0.75"
"5250","2004452","0.75"
"5250","2003660","0.75"
"991","2000488","0.7722222222222221"
"991","2004235","0.7722222222222221"
"991","2005697","1.0"
"991","2006088","1.0"
"6651","2008273","0.7625"
"4053","2008226","0.78"
"4076","2001453","0.7863636363636364"
"4076","2007862","0.7863636363636364"
"4076","2000479","0.7863636363636364"
"4076","2007247","0.7863636363636364"
"4076","2000632","0.7863636363636364"
"4076","2005367","0.7863636363636364"
"4076","2005852","0.7863636363636364"
"4076","2003335","1.0"
"4076","2000883","0.7863636363636364"
"4076","2003066","0.7863636363636364"
"6720","2004310","0.7"
"4144","2005516","0.75"
"3142","2008338","0.7863636363636364"
"4497","2000790","1.0"
"3292","2003862","0.7722222222222221"
"2088","2001933","0.7"
"12018","2000249","0.7625"
"12018","2007249","0.7625"
"12018","2007155","0.7625"
"12018","2003842","0.7625"
"12018","2003159","0.7625"
"12018","2007261","0.7625"
"12018","2007795","0.7625"
"12113","2006779","0.7863636363636364"
"12113","2001720","0.7863636363636364"
"12113","2006778","0.7863636363636364"
"12113","2003861","1.0"
"1006","2000140","0.75"
"2358","2001228","0.7863636363636364"
"2358","2001990","0.7863636363636364"
"2358","2005859","0.7863636363636364"
"2358","2000682","0.7863636363636364"
"2358","2006996","0.7863636363636364"
"2358","2007256","0.7863636363636364"
"2358","2007311","0.7863636363636364"
"2358","2008980","0.7863636363636364"
"2421","2001406","0.75"
"1183","2003230","0.7722222222222221"
"1222","2004322","0.75"
"2573","2001855","0.78"
"2591","2009081","0.75"
"1274","2008921","0.7625"
"1274","2006184","1.0"
"10022","2002194","0.7625"
"11284","2004260","0.75"
"1351","2004446","1.0"
"1375","2003409","0.7722222222222221"
"1375","2006436","0.7722222222222221"
"1465","2001393","1.0"
"1465","2005644","0.7625"
"10250","2006279","0.71"
"12855","2002627","0.8444444444444443"
"10181","2006628","0.7307692307692308"
"10181","2003442","1.0"
"10165","2007946","0.7722222222222221"
"10165","2007314","0.7722222222222221"
"2851","2001772","0.7722222222222221"
"1572","2002725","1.0"
"1572","2002726","1.0"
"10302","2005006","0.7722222222222221"
"10302","2001316","0.7722222222222221"
"10302","2007970","0.7722222222222221"
"10302","2000427","0.7722222222222221"
"1672","2005723","0.7722222222222221"
"1847","2006778","1.0"
"9160","2006408","0.75"
"9160","2002523","0.75"
"10963","2005042","0.75"
"9440","2006598","0.78"
"9517","2003044","0.7625"
"9517","2003596","0.7625"
"9809","2001647","0.7625"
"6076","2000592","1.0"
"6076","2002361","0.75"
"6076","2003835","0.75"
"6076","2002165","0.75"
"7409","2007946","0.7722222222222221"
"7409","2007314","0.7722222222222221"
"544","2004473","1.0"
"6228","2005606","0.7722222222222221"
"6274","2000654","0.7625"
"6274","2008245","0.7625"
"15031","2001015","0.7625"
"889","2005239","0.7083333333333333"
"7857","2006774","0.71"
"14068","2006987","0.78"
"15365","2001850","0.7722222222222221"
"15365","2003877","0.7722222222222221"
"5412","2007611","0.7863636363636364"
"5412","2000632","0.7863636363636364"
"5412","2005367","0.7863636363636364"
"5412","2005852","0.7863636363636364"
"5412","2003335","0.7863636363636364"
"5412","2000883","0.7863636363636364"
"5412","2004008","0.7863636363636364"
"5412","2007248","1.0"
"5489","2004967","0.7722222222222221"
"4239","2000146","0.78"
"4239","2000282","0.78"
"4239","2003132","0.78"
"4239","2003624","0.78"
"6913","2001207","0.7"
"6954","2007249","0.7625"
"6954","2007155","0.7625"
"6954","2003842","0.7625"
"6954","2003159","0.7625"
"6954","2007261","0.7625"
"6954","2007795","0.7625"
"5692","2001228","0.7863636363636364"
"5692","2001990","0.7863636363636364"
"5692","2005859","0.7863636363636364"
"5692","2000682","0.7863636363636364"
"5692","2006996","0.7863636363636364"
"5692","2007256","0.7863636363636364"
"5692","2007311","0.7863636363636364"
"5692","2008980","0.7863636363636364"
"3152","2003686","0.7722222222222221"
"5818","2000146","0.78"
"5818","2000282","0.78"
"5818","2003132","0.78"
"5818","2003624","1.0"
"5904","2005903","0.75"
"5904","2001065","0.75"
"13471","2000887","1.0"
"13445","2005478","0.7333333333333334"
"4896","2006929","0.7722222222222221"
"2317","2000200","0.7722222222222221"
"1015","2000427","0.7722222222222221"
"1032","2007457","1.0"
"1180","2001633","0.7722222222222221"
"13890","2001996","0.75"
"2563","2003315","0.7333333333333334"
"11273","2007495","0.75"
"2631","2007314","0.7722222222222221"
"2697","2005884","0.7722222222222221"
"1438","2001235","0.825"
"11598","2001519","0.71"
"11598","2004968","0.72"
"12886","2001065","0.75"
"10203","2005644","0.7625"
"2828","2006312","0.78"
"12959","2004548","0.7625"
"1638","2001966","0.7227272727272727"
"11983","2005172","0.75"
"11983","2008718","0.75"
"11983","2003576","0.75"
"11983","2007623","0.75"
"11983","2003449","0.75"
"11998","2007983","0.75"
"1978","2004118","0.7333333333333334"
"1999","2004008","0.7863636363636364"
"1999","2005601","0.7277777777777779"
"1999","2007248","0.7863636363636364"
"1999","2008807","0.7863636363636364"
"1999","2002699","0.7863636363636364"
"10774","2000682","0.7863636363636364"
"10774","2006996","0.7863636363636364"
"10774","2007256","0.7863636363636364"
"10774","2007311","0.7863636363636364"
"10774","2008980","0.7863636363636364"
"10774","2003876","0.7863636363636364"
"10781","2001520","0.75"
"9189","2004962","0.7625"
"9189","2001430","0.7625"
"9189","2005343","0.7625"
"9189","2005761","0.7625"
"9189","2000221","0.7625"
"9287","2000536","0.8599999999999999"
"9287","2000535","0.8599999999999999"
"10909","2008721","0.7333333333333334"
"8152","2004118","1.0"
"17010","2005172","0.75"
"8440","2003861","1.0"
"8440","2004008","0.7863636363636364"
"8440","2005221","0.7863636363636364"
"8472","2008493","0.75"
"9934","2004008","0.7863636363636364"
"9934","2007248","0.7863636363636364"
"9934","2008807","0.7863636363636364"
"9934","2002699","0.7863636363636364"
"6056","2007734","0.78"
"7381","2004699","0.7333333333333334"
"400","2002510","0.78"
"405","2004709","0.75"
"7434","2002510","0.78"
"523","2004008","0.7863636363636364"
"523","2007248","0.7863636363636364"
"523","2008807","0.7863636363636364"
"523","2002699","0.7863636363636364"
"541","2001114","0.75"
"541","2008696","0.75"
"541","2001456","0.75"
"541","2003509","0.75"
"553","2000109","0.7625"
"6235","2007239","0.71"
"750","2004699","0.7333333333333334"
"940","2005172","0.75"
"940","2008718","0.75"
"940","2003576","0.75"
"940","2007623","0.75"
"940","2003449","0.75"
"951","2005462","0.7625"
"951","2003397","0.7625"
"6662","2001170","0.7625"
"5386","2007827","0.71"
"5490","2002574","0.78"
"6850","2006434","0.7625"
"6850","2008594","0.7625"
"6906","2004962","0.7625"
"6906","2001430","0.7625"
"6906","2005343","0.7625"
"6906","2005761","0.7625"
"6906","2007172","0.71"
"6906","2000221","0.7625"
"6906","2007173","0.7722222222222221"
"6949","2007623","0.75"
"5633","2006627","0.7529411764705881"
"5662","2003732","0.78"
"3007","2006916","1.0"
"3074","2007067","0.7863636363636364"
"14347","2001566","0.7666666666666666"
"13076","2006434","0.7625"
"13076","2008594","0.7625"
"5770","2004653","0.7625"
"4463","2006916","1.0"
"3161","2008719","0.75"
"5809","2007975","0.709090909090909"
"4523","2000682","0.7863636363636364"
"4523","2006996","0.7863636363636364"
"4523","2007256","0.7863636363636364"
"4523","2007311","0.7863636363636364"
"4523","2008980","0.7863636363636364"
"4523","2003876","0.7863636363636364"
"4588","2005691","0.71"
"3287","2000173","0.75"
"3287","2005463","0.75"
"4674","2007454","1.0"
"4674","2005371","0.7625"
"12022","2004026","1.0"
"4739","2001276","0.8033333333333333"
"4739","2006788","0.71"
"3413","2007495","0.75"
"2168","2000427","0.7722222222222221"
"12104","2002165","0.7899999999999999"
"4804","2002582","0.7722222222222221"
"3539","2002614","0.7333333333333334"
"2217","2003364","0.78"
"2217","2001276","0.78"
"2217","2003864","0.78"
"2217","2006387","0.78"
"2217","2006788","0.78"
"2217","2003546","0.78"
"4874","2007563","0.7722222222222221"
"3591","2002361","0.75"
"3591","2003835","0.75"
"3591","2002165","0.75"
"8","2003918","0.7625"
"8","2001692","0.7625"
"8","2005861","0.7625"
"4984","2000477","0.7863636363636364"
"4984","2004448","0.7529411764705881"
"2333","2003877","0.7722222222222221"
"11025","2005673","0.7863636363636364"
"3727","2002391","0.7625"
"47","2007255","0.75"
"97","2000273","1.0"
"97","2003838","0.75"
"3844","2005104","1.0"
"1250","2004699","0.7333333333333334"
"11315","2002618","0.8"
"2676","2007499","0.7083333333333333"
"11479","2001276","0.78"
"11479","2003864","0.78"
"11479","2006387","0.78"
"11479","2006788","0.78"
"11479","2003546","0.78"
"11479","2000358","0.78"
"10129","2007539","0.7625"
"1422","2005109","0.7227272727272727"
"10204","2006361","0.75"
"2847","2001653","1.0"
"12903","2005139","0.7722222222222221"
"10355","2008721","0.7333333333333334"
"10365","2003050","0.75"
"11655","2001855","0.78"
"11655","2001795","0.78"
"2914","2004070","0.7722222222222221"
"2914","2005343","0.7722222222222221"
"2914","2005761","0.7722222222222221"
"2914","2007173","0.7722222222222221"
"2914","2000566","0.7722222222222221"
"2947","2007342","1.0"
"1654","2000214","0.7625"
"1654","2000026","0.7625"
"1654","2005329","0.7625"
"1654","2003524","1.0"
"1654","2000811","0.7625"
"1654","2000121","0.7625"
"1654","2004885","0.7625"
"10465","2000553","1.0"
"10512","2004907","1.0"
"1822","2001733","0.75"
"9175","2006434","0.7625"
"9175","2008594","0.7625"
"9175","2005296","0.7625"
"9175","2000866","0.7625"
"8025","2000427","1.0"
"8116","2006022","1.0"
"9460","2001430","0.7625"
"9460","2005343","0.7625"
"9460","2005761","0.7625"
"9460","2000221","0.7625"
"9460","2004200","0.7625"
"9526","2006434","0.7625"
"9526","2008594","0.7625"
"9526","2005296","0.7625"
"9526","2000866","1.0"
"8217","2004115","0.7625"
"8332","2003692","0.8"
"7087","2000427","0.7722222222222221"
"9788","2008020","0.8222222222222221"
"9788","2005294","0.8222222222222221"
"17263","2001358","1.0"
"310","2007782","1.0"
"9986","2004957","0.71"
"8654","2000108","0.7625"
"8660","2001276","0.78"
"8660","2003864","0.78"
"8660","2006387","0.78"
"8660","2006788","0.78"
"8660","2003546","0.78"
"8660","2000358","0.78"
"8667","2001276","0.78"
"8667","2003864","1.0"
"8667","2004070","0.71"
"8667","2006387","0.78"
"8667","2006788","0.78"
"8667","2003546","0.78"
"8667","2004200","0.71"
"8667","2000358","0.78"
"7355","2006987","0.78"
"392","2003982","0.7722222222222221"
"6064","2001748","0.7625"
"517","2005466","1.0"
"517","2005465","1.0"
"527","2008028","1.0"
"6287","2000427","0.7722222222222221"
"6389","2005056","0.7333333333333334"
"6380","2003866","0.71"
"5079","2003918","0.7625"
"5079","2001692","0.7625"
"5079","2005861","0.7625"
"6446","2005760","0.7722222222222221"
"844","2003861","0.7863636363636364"
"844","2005221","0.7863636363636364"
"844","2000052","0.7863636363636364"
"877","2001719","0.7227272727272727"
"899","2000553","0.7625"
"7858","2008980","0.7863636363636364"
"7858","2003876","0.7863636363636364"
"7858","2007450","0.7863636363636364"
"5234","2007795","0.7625"
"5234","2004707","0.7625"
"5234","2007757","0.7625"
"5234","2001719","0.7625"
"5234","2001113","0.7625"
"949","2001276","0.78"
"949","2003864","1.0"
"949","2004070","0.71"
"949","2006387","0.78"
"949","2006788","0.78"
"949","2003546","0.78"
"949","2004200","0.71"
"949","2000358","0.78"
"5510","2005760","0.7722222222222221"
"6855","2008721","0.7333333333333334"
"4297","2001698","0.7899999999999999"
"4297","2000173","0.75"
"4297","2005463","0.75"
"4297","2004086","0.75"
"4297","2004414","0.75"
"3031","2001855","0.78"
"3031","2001795","0.78"
"3031","2008124","0.71"
"3061","2000477","1.0"
"13177","2008867","0.7625"
"5844","2003861","0.7863636363636364"
"5844","2005221","0.7863636363636364"
"5844","2000052","0.7863636363636364"
"15885","2003375","0.75"
"14547","2005644","0.7625"
"4606","2003861","0.7863636363636364"
"4606","2005221","0.7863636363636364"
"4606","2000052","0.7863636363636364"
"4604","2004929","0.7625"
"2024","2006814","0.7722222222222221"
"2076","2001870","0.7722222222222221"
"4722","2008683","0.7227272727272727"
"13455","2003399","0.75"
"3509","2000437","0.7722222222222221"
"4868","2000146","0.78"
"4868","2000282","0.78"
"4868","2003132","0.78"
"4868","2003624","0.78"
"4868","2001197","0.78"
"2228","2007705","0.7333333333333334"
"4919","2001171","0.7916666666666666"
"11102","2000764","0.7333333333333334"
"13770","2001795","1.0"
"14991","2007835","1.0"
"3732","2002770","0.7666666666666666"
"2414","2004890","0.7333333333333334"
"2414","2004823","0.7333333333333334"
"2414","2006350","0.7333333333333334"
"2414","2005349","0.7333333333333334"
"1187","2001197","0.78"
"36","2005465","1.0"
"3832","2002306","1.0"
"1217","2004637","0.7722222222222221"
"13926","2008289","0.7625"
"13926","2004896","1.0"
"11283","2000764","0.7333333333333334"
"3922","2001733","0.75"
"3961","2000360","0.78"
"2670","2005370","0.7625"
"11473","2006434","0.7625"
"11473","2008594","0.7625"
"11473","2005296","0.7625"
"11473","2000866","0.7625"
"11473","2003703","0.7625"
"1499","2002912","0.7722222222222221"
"1499","2004383","0.7227272727272727"
"1499","2005179","0.7722222222222221"
"1499","2000493","0.7722222222222221"
"1497","2003915","0.7722222222222221"
"10263","2008038","0.78"
"12877","2006355","0.7722222222222221"
"12877","2000041","0.7722222222222221"
"12877","2008084","0.7722222222222221"
"12877","2003515","0.7722222222222221"
"1515","2004890","0.7333333333333334"
"1515","2004823","0.7333333333333334"
"1515","2006350","0.7333333333333334"
"1515","2005349","0.7333333333333334"
"1549","2001197","0.78"
"11689","2001795","1.0"
"2922","2004684","0.7"
"1616","2002737","0.7722222222222221"
"2957","2000126","0.7625"
"2957","2001317","1.0"
"2957","2000572","0.7625"
"2957","2007294","0.7625"
"1722","2008142","0.7722222222222221"
"1754","2004266","0.801470588235294"
"11839","2000477","0.7863636363636364"
"10696","2001733","0.75"
"10678","2005902","0.75"
"11914","2002893","1.0"
"9169","2007679","0.7722222222222221"
"9169","2002334","0.7722222222222221"
"9199","2006852","1.0"
"9218","2004398","0.71"
"9290","2001848","1.0"
"9290","2005062","0.7333333333333334"
"8003","2008397","0.7625"
"8054","2001197","0.78"
"8097","2004692","0.7333333333333334"
"8165","2005526","0.75"
"8202","2000356","0.7863636363636364"
"17064","2007835","0.78"
"9628","2006434","0.7625"
"9628","2008594","0.7625"
"9628","2005296","0.7625"
"9628","2000866","0.7625"
"9628","2003703","0.7625"
"8323","2002258","0.75"
"8458","2001795","0.78"
"152","2001456","0.75"
"152","2003509","0.75"
"9828","2004273","0.7863636363636364"
"7345","2005568","0.78"
"7350","2003823","0.78"
"6104","2001827","0.7722222222222221"
"6104","2004946","0.7722222222222221"
"7466","2007454","0.7625"
"7466","2005371","0.7625"
"8797","2006312","0.7722222222222221"
"7476","2004443","1.0"
"7514","2002608","0.75"
"8889","2005187","0.78"
"687","2002764","0.7"
"687","2002770","1.0"
"688","2000811","0.7625"
"688","2000121","0.7625"
"688","2004885","0.7625"
"6314","2006919","1.0"
"696","2005221","0.7863636363636364"
"696","2000052","0.7863636363636364"
"696","2003394","0.7863636363636364"
"697","2002660","1.0"
"5010","2004465","0.7499999999999999"
"7674","2004969","0.7863636363636364"
"6375","2006359","0.75"
"16300","2000524","0.7722222222222221"
"16300","2003395","0.7722222222222221"
"16300","2001630","0.7722222222222221"
"15186","2005038","0.75"
"7705","2005642","1.0"
"7765","2005755","1.0"
"5153","2007845","0.78"
"5188","2000477","0.7863636363636364"
"5188","2004448","0.7529411764705881"
"7812","2008975","0.7625"
"868","2005221","0.7863636363636364"
"868","2000052","0.7863636363636364"
"868","2003394","0.7863636363636364"
"7871","2003876","0.7"
"5205","2007240","0.71"
"901","2005760","0.7722222222222221"
"4040","2008112","1.0"
"4079","2003291","0.8599999999999999"
"15320","2004890","0.7333333333333334"
"15320","2004823","0.7333333333333334"
"15320","2006350","0.7333333333333334"
"15320","2005349","0.7333333333333334"
"6755","2001442","0.7722222222222221"
"5485","2000041","0.71"
"6818","2005508","0.7625"
"6956","2001456","0.75"
"6956","2003509","0.75"
"5671","2001856","0.7625"
"4487","2004443","1.0"
"4547","2003053","0.7722222222222221"
"4609","2006897","0.7625"
"4646","2000221","0.7625"
"4646","2005676","0.7625"
"4646","2004200","0.7625"
"13413","2004019","0.78"
"3387","2002169","0.7625"
"3477","2008807","0.7863636363636364"
"3477","2002699","0.7863636363636364"
"3477","2006386","0.7863636363636364"
"12184","2005854","1.0"
"13610","2006191","1.0"
"12276","2001456","0.75"
"12276","2003509","0.75"
"2311","2007866","0.7333333333333334"
"4974","2005760","0.7722222222222221"
"4974","2008134","0.71"
"1012","2005522","0.75"
"1012","2000364","0.75"
"1044","2008686","0.75"
"12410","2007834","0.78"
"13732","2004403","1.0"
"13692","2005050","0.75"
"3741","2002673","0.8461538461538461"
"2483","2008993","0.8363636363636363"
"11201","2000358","0.78"
"11201","2003575","0.78"
"11201","2002473","0.78"
"11203","2007757","0.7625"
"11203","2001719","0.7625"
"11203","2001113","0.7625"
"11203","2000480","0.7625"
"11203","2008636","0.7625"
"11203","2007613","0.7625"
"12458","2000963","0.7722222222222221"
"92","2006919","1.0"
"92","2006918","1.0"
"96","2001737","0.7722222222222221"
"1204","2006386","0.7863636363636364"
"1204","2000347","0.7863636363636364"
"1216","2008876","0.7333333333333334"
"11336","2005522","0.75"
"11336","2000364","0.75"
"11317","2007291","0.7625"
"13951","2007449","0.7722222222222221"
"2628","2005522","0.75"
"2628","2000364","0.75"
"2649","2006350","0.7333333333333334"
"2649","2005349","0.7333333333333334"
"2649","2008017","0.7333333333333334"
"2659","2003827","0.7333333333333334"
"1338","2007757","1.0"
"1338","2001719","0.7625"
"1338","2001113","0.7625"
"1338","2000480","0.7625"
"1338","2008636","0.7625"
"1338","2007613","0.7625"
"12726","2001856","0.7625"
"12726","2001254","0.7625"
"1395","2008965","0.7625"
"12795","2002183","0.7625"
"2721","2000358","0.78"
"2721","2003575","0.78"
"2721","2002473","0.78"
"1447","2001998","1.0"
"1446","2002184","0.7"
"1441","2003117","0.7863636363636364"
"2799","2005294","0.8222222222222221"
"12821","2001093","0.78"
"2829","2001197","0.78"
"2829","2000388","0.78"
"2849","2007450","0.7863636363636364"
"2849","2003751","0.7863636363636364"
"2849","2003485","0.7863636363636364"
"2849","2007337","0.7863636363636364"
"1546","2002448","1.0"
"2882","2000502","0.75"
"10301","2000121","0.7625"
"10301","2004885","0.7625"
"10301","2001387","0.7625"
"10301","2003353","0.7625"
"11606","2005007","0.7722222222222221"
"10318","2005854","0.75"
"10318","2007045","0.75"
"10279","2002964","0.7916666666666666"
"2962","2000121","1.0"
"2962","2004885","0.7625"
"2962","2001387","0.7625"
"2962","2003353","0.7625"
"1630","2000052","0.7863636363636364"
"1630","2003394","0.7863636363636364"
"1645","2005010","0.7625"
"1681","2000052","0.7863636363636364"
"1681","2003394","0.7863636363636364"
"11732","2005522","0.75"
"11732","2000364","0.75"
"11773","2008199","0.78"
"1835","2004220","0.8416666666666666"
"11992","2006350","0.7333333333333334"
"11992","2005349","0.7333333333333334"
"10894","2004019","0.78"
"9212","2003398","0.78"
"10954","2007945","0.7722222222222221"
"8336","2000112","0.75"
"8336","2001670","0.75"
"8364","2001746","0.78"
"7029","2007251","0.7722222222222221"
"8410","2004641","0.78"
"133","2008641","0.75"
"141","2008870","0.7083333333333333"
"8468","2008997","1.0"
"8477","2005823","0.7333333333333334"
"7169","2003395","0.7722222222222221"
"7169","2001630","0.7722222222222221"
"256","2005179","0.7722222222222221"
"256","2000493","0.7722222222222221"
"16032","2008508","0.7625"
"7315","2004200","0.7625"
"8659","2006757","0.75"
"8659","2007708","0.75"
"8735","2007251","0.7722222222222221"
"7422","2003395","0.7722222222222221"
"7422","2001630","0.7722222222222221"
"6132","2002608","0.75"
"7471","2004501","0.7333333333333334"
"7471","2007232","0.7333333333333334"
"7471","2007061","0.7333333333333334"
"17596","2007887","0.7333333333333334"
"8802","2002382","0.7625"
"8823","2002988","0.7083333333333333"
"7559","2000112","0.75"
"7559","2001670","0.75"
"7582","2002962","0.78"
"6305","2004383","0.7863636363636364"
"6305","2005179","0.7227272727272727"
"8981","2002651","1.0"
"7653","2002616","0.7722222222222221"
"8983","2002169","0.7625"
"7670","2008243","0.78"
"6372","2007818","0.7333333333333334"
"5070","2001547","1.0"
"5070","2002386","0.75"
"7728","2007175","0.7333333333333334"
"7761","2007453","0.7722222222222221"
"6439","2005522","0.75"
"6439","2000364","0.75"
"7832","2004086","0.75"
"7832","2004414","0.75"
"7832","2002984","0.75"
"7832","2003223","0.75"
"7832","2005234","1.0"
"7832","2005175","1.0"
"6571","2005522","0.75"
"6571","2000364","0.75"
"6576","2006386","0.7863636363636364"
"6576","2000347","0.7863636363636364"
"5261","2007643","0.7722222222222221"
"5261","2000531","0.7722222222222221"
"16573","2008969","0.7625"
"953","2000552","0.71"
"953","2003698","0.7722222222222221"
"953","2008381","0.7722222222222221"
"5341","2005296","0.7625"
"5341","2000866","0.7625"
"5341","2003703","0.7625"
"6700","2005568","0.71"
"5461","2004086","0.75"
"5461","2004414","0.75"
"5461","2002984","0.75"
"5461","2003223","0.75"
"5461","2005503","0.7899999999999999"
"5461","2005234","0.75"
"5461","2005175","0.75"
"5487","2003599","0.75"
"6869","2007941","0.75"
"5552","2007665","0.7722222222222221"
"5552","2004393","0.7722222222222221"
"4231","2006978","0.7"
"4231","2001199","0.7"
"5672","2004712","0.7625"
"3075","2005934","0.7863636363636364"
"15613","2004200","1.0"
"5753","2007708","0.75"
"4442","2007251","0.7722222222222221"
"3127","2005726","0.7625"
"3127","2004712","0.7625"
"13195","2006897","0.7625"
"4516","2008924","0.7722222222222221"
"4597","2000395","0.7333333333333334"
"4597","2004411","0.7333333333333334"
"13251","2007757","0.7625"
"13251","2001719","0.7625"
"13251","2001113","0.7625"
"13251","2000480","0.7625"
"13251","2008636","0.7625"
"13251","2007613","0.7625"
"5928","2008508","0.7625"
"4624","2007612","0.71"
"4624","2003395","0.7722222222222221"
"4624","2001630","0.7722222222222221"
"4624","2007323","0.71"
"3394","2007440","0.75"
"2069","2008852","0.75"
"12031","2003734","0.7722222222222221"
"14639","2006226","0.7625"
"3496","2007251","0.7722222222222221"
"12124","2007325","0.75"
"3512","2001905","0.7722222222222221"
"2211","2006133","1.0"
"2261","2007180","0.72"
"2261","2007181","0.72"
"14964","2002301","0.75"
"14964","2008681","0.75"
"3646","2004019","0.78"
"1016","2008084","0.7722222222222221"
"1016","2003515","0.7722222222222221"
"1047","2004923","0.8416666666666666"
"12401","2006993","0.7722222222222221"
"1119","2004269","0.7333333333333334"
"1143","2000557","0.7"
"1143","2000554","0.7454545454545454"
"1143","2000545","0.7454545454545454"
"1143","2000579","0.7083333333333333"
"12","2002732","0.75"
"11174","2004346","0.7333333333333334"
"11130","2006398","0.75"
"11130","2002851","0.75"
"11130","2000412","0.75"
"95","2006029","0.7722222222222221"
"3885","2004447","0.7722222222222221"
"10010","2003437","0.7722222222222221"
"2608","2002310","0.7722222222222221"
"1308","2002184","0.7"
"2661","2001852","0.7333333333333334"
"1345","2009041","0.75"
"2675","2007941","0.75"
"2675","2006315","0.75"
"1472","2003728","0.78"
"1469","2004387","0.71"
"10258","2003773","0.7625"
"10264","2000364","0.75"
"10264","2006790","0.75"
"10264","2000901","0.75"
"11566","2000388","0.78"
"2860","2003218","0.75"
"1567","2005940","1.0"
"11631","2006374","0.75"
"10368","2000468","0.7625"
"10338","2002984","0.75"
"10338","2003223","0.75"
"10338","2005234","0.75"
"10338","2005175","0.75"
"10338","2008825","0.75"
"10338","2008585","0.75"
"10338","2007158","0.75"
"10338","2008439","0.75"
"10338","2007653","0.75"
"11670","2005062","0.7333333333333334"
"11670","2006092","0.7333333333333334"
"2930","2005934","0.7863636363636364"
"2968","2006004","0.7625"
"2979","2001387","0.7625"
"2979","2003353","0.7625"
"1676","2000365","0.7307692307692308"
"11786","2002014","1.0"
"11880","2004573","0.7863636363636364"
"1854","2000294","0.78"
"11981","2004773","0.7863636363636364"
"10652","2003317","0.8727272727272726"
"10695","2008736","0.7722222222222221"
"1955","2000347","0.7863636363636364"
"9148","2007842","0.75"
"10873","2002770","1.0"
"10873","2002755","0.7"
"10873","2002762","0.7307692307692308"
"9236","2004596","0.71"
"10955","2001246","0.7333333333333334"
"8019","2007251","0.7722222222222221"
"8114","2005050","0.75"
"8114","2001606","0.75"
"8115","2003703","0.7625"
"8115","2001395","0.7625"
"9482","2006523","0.78"
"9553","2005710","0.71"
"9553","2007135","0.7625"
"8298","2006476","0.7625"
"17048","2007842","1.0"
"9607","2001458","0.7722222222222221"
"136","2003773","0.7625"
"7167","2001547","0.75"
"7167","2002386","0.75"
"7284","2003751","0.7863636363636364"
"7284","2003485","1.0"
"7284","2007337","0.7863636363636364"
"7284","2003996","0.7863636363636364"
"7284","2004239","0.7863636363636364"
"16052","2000499","1.0"
"8645","2002334","0.7722222222222221"
"407","2001630","0.7722222222222221"
"7424","2000388","0.78"
"6102","2007291","0.7625"
"7519","2000388","0.78"
"6223","2000347","0.7499999999999999"
"7571","2003575","0.78"
"7571","2002473","0.78"
"7571","2004387","0.78"
"606","2006064","0.7625"
"7659","2003244","0.7722222222222221"
"6355","2008757","1.0"
"5034","2007323","1.0"
"5034","2007334","0.7625"
"5077","2005349","1.0"
"5077","2008017","0.7333333333333334"
"5077","2006337","1.0"
"15025","2003703","0.7625"
"15025","2001395","0.7625"
"5119","2004923","0.8416666666666666"
"5147","2006993","0.7722222222222221"
"5138","2008664","0.75"
"807","2003242","0.75"
"7863","2007680","0.7916666666666666"
"5212","2007703","0.7727272727272726"
"5208","2008084","0.7722222222222221"
"5208","2003515","0.7722222222222221"
"6550","2000112","0.75"
"6550","2001670","0.75"
"6550","2001997","0.75"
"6589","2001387","0.7625"
"6589","2003353","0.7625"
"902","2006537","0.75"
"902","2003631","0.75"
"969","2003751","1.0"
"969","2003485","0.7863636363636364"
"969","2007337","0.7863636363636364"
"969","2003996","1.0"
"969","2004239","1.0"
"6620","2006208","0.7062499999999999"
"6620","2006163","0.7499999999999999"
"6615","2004740","0.7722222222222221"
"6647","2001832","1.0"
"4140","2007726","0.7722222222222221"
"14159","2003703","0.7625"
"14159","2001395","0.7625"
"6861","2003703","0.7625"
"6861","2001395","0.7625"
"4289","2003575","0.78"
"4289","2002473","0.78"
"4289","2004387","0.78"
"5603","2001071","0.75"
"5603","2004911","0.75"
"5603","2008418","0.75"
"5603","2000040","0.75"
"4333","2003299","0.72"
"4333","2003300","0.72"
"5673","2004910","0.7722222222222221"
"4339","2003398","0.78"
"3025","2000364","0.75"
"3025","2006790","0.75"
"3025","2000901","0.75"
"13003","2004016","0.7722222222222221"
"14368","2008208","0.7333333333333334"
"13162","2003290","0.7625"
"5833","2004019","1.0"
"4549","2004573","0.7863636363636364"
"4577","2003602","0.78"
"15951","2007842","0.75"
"14595","2004876","1.0"
"13266","2003034","0.7722222222222221"
"5971","2003751","0.7863636363636364"
"5971","2003485","0.7863636363636364"
"5971","2007337","0.7863636363636364"
"5971","2003996","0.7863636363636364"
"5971","2004239","0.7863636363636364"
"5964","2004016","0.71"
"5993","2007251","0.7722222222222221"
"2000","2003751","0.7863636363636364"
"2000","2003485","0.7863636363636364"
"2000","2007337","0.7863636363636364"
"2000","2003996","0.7863636363636364"
"2000","2004239","0.7863636363636364"
"2017","2007842","0.75"
"13406","2001448","0.78"
"4689","2000480","0.7625"
"4689","2008636","0.7625"
"4689","2007613","0.7625"
"4689","2008709","0.7625"
"2048","2002984","0.75"
"2048","2003223","0.75"
"2048","2005234","0.75"
"2048","2005175","0.75"
"2048","2008825","0.75"
"2048","2008585","0.75"
"2048","2007158","0.75"
"2048","2008439","0.75"
"2048","2007653","0.75"
"13392","2006112","0.71"
"13392","2005804","0.71"
"2151","2004389","1.0"
"13490","2009017","0.71"
"2204","2002984","0.75"
"2204","2003223","0.75"
"2204","2005234","0.75"
"2204","2005175","0.75"
"2204","2008825","0.75"
"2204","2008585","0.75"
"2204","2007158","0.75"
"2204","2008439","0.75"
"2204","2007653","0.75"
"13656","2003032","0.7625"
"13656","2001888","0.7625"
"14934","2000828","0.825"
"12229","2007586","0.7722222222222221"
"6","2008425","0.7625"
"2389","2007260","0.78"
"13745","2005876","0.7625"
"11063","2007104","1.0"
"12396","2006175","0.75"
"12396","2004457","1.0"
"3784","2002189","0.75"
"2465","2000347","0.7863636363636364"
"2465","2005163","0.7863636363636364"
"2465","2001296","0.7863636363636364"
"3813","2001838","0.7"
"3860","2006476","0.7625"
"3860","2005026","0.75"
"1212","2005994","0.71"
"1269","2002302","0.7625"
"1277","2004209","0.7722222222222221"
"1294","2004425","1.0"
"13986","2007851","0.75"
"12667","2005969","0.75"
"11310","2007842","0.75"
"11314","2000104","1.0"
"11314","2005034","0.7625"
"13958","2000480","0.7625"
"13958","2008636","0.7625"
"13958","2007613","0.7625"
"13958","2008709","0.7625"
"2665","2000117","1.0"
"2665","2000027","1.0"
"11476","2007296","0.75"
"10149","2004318","0.75"
"10117","2002112","0.7625"
"12755","2003130","0.7722222222222221"
"11437","2001852","0.7333333333333334"
"11409","2006027","0.7333333333333334"
"10046","2006523","0.78"
"2705","2007337","0.7863636363636364"
"2705","2003996","0.7863636363636364"
"2705","2004239","0.7863636363636364"
"2705","2004378","0.7863636363636364"
"2705","2002894","0.7863636363636364"
"1445","2001670","0.75"
"1445","2001997","0.75"
"1445","2001134","0.75"
"1445","2001265","0.75"
"1445","2005054","0.75"
"2786","2003252","0.75"
"11535","2001047","0.7625"
"2834","2003089","0.7333333333333334"
"2837","2001296","0.80625"
"2852","2000797","0.78"
"1556","2006931","1.0"
"12945","2006790","0.75"
"12945","2000901","0.75"
"10384","2003316","0.7625"
"10384","2008680","0.825"
"10351","2006092","0.75"
"1621","2002690","0.7722222222222221"
"2972","2008815","0.7333333333333334"
"10498","2007821","0.75"
"10498","2000075","0.75"
"1711","2000347","0.7863636363636364"
"1711","2005163","0.7863636363636364"
"1711","2007492","0.7863636363636364"
"1717","2005350","0.7625"
"10397","2004504","0.75"
"1716","2000093","0.7333333333333334"
"11817","2007590","0.78"
"10559","2007708","0.75"
"10559","2003517","0.75"
"1933","2000440","0.7625"
"11908","2005414","0.7333333333333334"
"11909","2005984","0.7333333333333334"
"9007","2007337","0.7863636363636364"
"9007","2003996","0.7863636363636364"
"9007","2004239","0.7863636363636364"
"9007","2004378","0.7863636363636364"
"9007","2002894","0.7863636363636364"
"10746","2000388","0.78"
"10746","2002133","0.78"
"10746","2008809","0.78"
"10746","2002174","0.78"
"10870","2001203","0.7625"
"9216","2005720","0.75"
"9224","2001395","0.7625"
"10966","2001900","0.7863636363636364"
"9372","2005953","0.7863636363636364"
"10922","2005350","0.7625"
"8065","2005934","0.7227272727272727"
"8108","2006301","0.7722222222222221"
"9539","2007821","0.75"
"9539","2000075","0.75"
"8235","2007941","0.75"
"8235","2006315","0.75"
"9632","2008996","0.7625"
"8362","2007610","0.7625"
"127","2002179","0.75"
"127","2005555","0.75"
"8439","2008017","0.7333333333333334"
"8439","2006337","0.7333333333333334"
"8439","2006351","0.7333333333333334"
"7156","2004305","0.88125"
"7156","2003834","0.79375"
"7156","2003930","0.79375"
"7156","2003978","0.7062499999999999"
"194","2007490","0.7454545454545454"
"9873","2005473","0.78"
"9873","2007867","0.78"
"9873","2008393","0.78"
"7223","2004059","0.7722222222222221"
"262","2007696","0.7333333333333334"
"262","2005014","0.7333333333333334"
"9910","2002473","1.0"
"9910","2004387","0.78"
"303","2003163","1.0"
"9955","2003765","0.7625"
"8669","2007670","0.7722222222222221"
"8669","2003336","0.7722222222222221"
"397","2005062","0.7333333333333334"
"397","2006092","0.7333333333333334"
"6078","2006571","0.75"
"492","2007334","0.7722222222222221"
"6139","2006790","0.75"
"6139","2000901","0.75"
"6168","2004015","0.7722222222222221"
"8843","2004634","0.7625"
"7581","2006891","0.75"
"7581","2001579","0.75"
"16226","2006158","0.7333333333333334"
"633","2006993","0.7722222222222221"
"633","2007781","0.7722222222222221"
"670","2007182","1.0"
"7656","2006790","0.75"
"7656","2000901","0.75"
"5007","2007488","0.8222222222222221"
"6433","2007337","1.0"
"6433","2003996","0.7863636363636364"
"6433","2004239","0.7863636363636364"
"6433","2004378","0.7863636363636364"
"6433","2002894","0.7863636363636364"
"6466","2004283","0.7722222222222221"
"6466","2007064","0.7722222222222221"
"5157","2001219","0.78"
"826","2000480","0.7625"
"826","2008636","0.7625"
"826","2007613","0.7625"
"826","2008709","0.7625"
"7829","2006537","0.75"
"7829","2003631","0.75"
"7829","2001115","0.75"
"7829","2005555","0.75"
"7829","2008637","0.75"
"6508","2000388","0.78"
"6508","2002133","0.78"
"6508","2008809","0.78"
"6508","2002174","0.78"
"5259","2004505","0.7625"
"909","2000780","0.75"
"7955","2008618","1.0"
"4044","2006242","0.7625"
"5376","2001670","0.75"
"5376","2001997","0.75"
"5376","2001134","0.75"
"5376","2001265","0.75"
"5376","2005054","0.75"
"4066","2007788","0.7333333333333334"
"4066","2001129","1.0"
"4066","2005328","0.7333333333333334"
"4066","2005581","0.7333333333333334"
"15350","2002476","0.7863636363636364"
"4155","2001047","0.7625"
"4196","2003387","0.825"
"14150","2007788","0.7333333333333334"
"14150","2001129","0.7333333333333334"
"14150","2005328","0.7333333333333334"
"14150","2005581","0.7333333333333334"
"6859","2007589","0.78"
"6859","2008252","0.71"
"4204","2006175","0.75"
"4204","2004457","0.75"
"4288","2006841","0.7722222222222221"
"4288","2008702","0.7722222222222221"
"15513","2003571","0.78"
"14252","2006710","1.0"
"5616","2005354","0.75"
"5616","2003613","1.0"
"4306","2000388","0.78"
"4306","2002133","0.78"
"4306","2008809","0.78"
"4306","2002174","0.78"
"6993","2004480","1.0"
"4368","2002476","0.7863636363636364"
"5699","2001852","1.0"
"3064","2007622","0.75"
"13008","2004049","0.7625"
"15657","2006537","0.75"
"15657","2003631","0.75"
"15657","2001115","0.75"
"15657","2005555","0.75"
"15657","2008637","0.75"
"13044","2004160","0.7625"
"4412","2007792","0.7333333333333334"
"3113","2001275","0.71"
"5798","2006616","1.0"
"13113","2007724","0.7863636363636364"
"4564","2008983","0.7333333333333334"
"3278","2007484","0.7722222222222221"
"3304","2006790","0.75"
"3304","2000901","0.75"
"5967","2004006","1.0"
"3329","2008101","0.7722222222222221"
"4654","2000708","0.78"
"2007","2003398","0.78"
"12046","2002179","0.75"
"12046","2005555","0.75"
"14635","2000035","0.7625"
"14635","2008631","0.7625"
"14635","2000228","0.7625"
"14635","2000025","0.7625"
"4716","2007337","0.7863636363636364"
"4716","2006181","0.7863636363636364"
"4716","2003996","0.7863636363636364"
"4716","2004239","0.7863636363636364"
"4716","2004378","0.7863636363636364"
"4716","2002894","0.7863636363636364"
"3466","2002189","0.75"
"12205","2008812","0.7333333333333334"
"14849","2004619","0.75"
"12123","2007337","0.7863636363636364"
"12123","2003996","0.7863636363636364"
"12123","2004239","0.7863636363636364"
"12123","2004378","0.7863636363636364"
"12123","2002894","0.7863636363636364"
"4824","2008799","0.75"
"4837","2006993","0.7722222222222221"
"4837","2007781","0.7722222222222221"
"3533","2006783","0.75"
"2235","2007590","0.7307692307692308"
"12306","2003341","0.7722222222222221"
"12284","2002962","0.78"
"13594","2002137","0.75"
"12233","2007993","0.7625"
"4943","2000347","0.7863636363636364"
"4943","2001296","0.7863636363636364"
"4943","2007492","0.7863636363636364"
"2312","2005941","0.7"
"4975","2004905","0.7863636363636364"
"3682","2004379","0.7625"
"2363","2000122","0.7625"
"2363","2001059","0.7625"
"1041","2001660","0.7333333333333334"
"1052","2007464","0.7722222222222221"
"12408","2006315","0.75"
"12408","2004395","0.75"
"11046","2004281","0.71"
"12345","2002133","0.78"
"12345","2008809","0.78"
"12345","2002174","0.78"
"12343","2006315","0.75"
"12343","2001676","0.75"
"12343","2004395","0.75"
"2400","2006349","0.7625"
"1116","2005328","0.7333333333333334"
"1116","2005581","0.7333333333333334"
"3779","2004352","0.7722222222222221"
"13854","2001607","0.7625"
"13854","2002583","0.7625"
"13838","2000980","0.7625"
"13838","2008513","1.0"
"13833","2004545","0.75"
"13833","2001313","0.75"
"11191","2008701","0.7722222222222221"
"11191","2006743","0.7722222222222221"
"29","2003996","1.0"
"29","2004239","1.0"
"29","2004378","1.0"
"29","2002894","0.7863636363636364"
"29","2004084","1.0"
"59","2001305","0.7333333333333334"
"3855","2003886","0.7333333333333334"
"3857","2001834","1.0"
"11355","2005175","0.75"
"11355","2008825","0.75"
"11355","2008585","0.75"
"11355","2007158","0.75"
"11355","2008439","0.75"
"11355","2007653","0.75"
"11355","2003056","0.75"
"11355","2001050","0.75"
"11355","2004951","0.75"
"11355","2006183","0.75"
"11355","2000575","0.75"
"11355","2000416","0.75"
"2609","2008754","0.7625"
"2622","2001997","0.75"
"2622","2001134","0.75"
"2622","2001265","0.75"
"2622","2005054","0.75"
"1310","2001296","0.7863636363636364"
"1337","2004080","1.0"
"2688","2004069","0.75"
"11474","2000038","0.75"
"11434","2004932","0.78"
"11434","2008678","0.78"
"11410","2006915","0.7333333333333334"
"10095","2006537","0.75"
"10095","2003631","0.75"
"10095","2001115","0.75"
"10095","2008637","0.75"
"10085","2004634","1.0"
"11361","2001193","0.7863636363636364"
"11361","2001296","0.7863636363636364"
"10037","2003411","0.7625"
"1450","2000077","0.78"
"12833","2003609","0.7333333333333334"
"10252","2003773","0.7625"
"10226","2002133","0.78"
"10226","2008809","0.78"
"10226","2002174","0.78"
"10197","2003228","0.7863636363636364"
"12968","2003675","0.78"
"10329","2000196","0.78"
"2958","2002851","0.75"
"2958","2000412","0.75"
"2958","2001023","0.75"
"1631","2004331","0.71"
"1644","2001182","0.8"
"1657","2000071","0.7863636363636364"
"1656","2008754","0.7625"
"1652","2000348","0.7722222222222221"
"10413","2001888","0.7625"
"11706","2006537","0.75"
"11706","2003631","0.75"
"11706","2001115","0.75"
"11706","2002179","0.75"
"11706","2008637","0.75"
"11791","2001525","0.75"
"10441","2003411","0.75"
"11935","2008754","0.7625"
"1903","2001626","0.7625"
"1937","2002140","0.7625"
"1937","2007916","0.7625"
"1934","2000122","0.7625"
"1934","2001059","0.7625"
"1985","2002851","0.75"
"1985","2000412","0.75"
"1985","2001023","0.75"
"9008","2007978","0.7625"
"10786","2001158","0.75"
"10720","2002137","0.75"
"9177","2000038","1.0"
"10853","2000561","0.78"
"10834","2005163","0.7863636363636364"
"10834","2007492","0.7863636363636364"
"9255","2007726","0.7722222222222221"
"9278","2001946","0.78"
"9342","2002133","0.78"
"9342","2008809","0.78"
"9342","2002174","0.78"
"8136","2003571","0.78"
"8172","2001997","0.75"
"8172","2001134","0.75"
"8172","2001265","0.75"
"8172","2005054","0.75"
"9563","2007786","0.75"
"9664","2005378","0.7625"
"8373","2006647","0.7961538461538462"
"9720","2002133","0.78"
"9720","2008809","0.78"
"9720","2002174","0.78"
"9774","2004189","0.78"
"8457","2000122","0.7625"
"8457","2001059","0.7625"
"7147","2007484","0.7722222222222221"
"8478","2001324","0.7625"
"9803","2005162","0.7961538461538462"
"9842","2007484","0.7722222222222221"
"9917","2003828","0.78"
"8617","2003822","0.78"
"7341","2002012","1.0"
"7341","2003758","0.7625"
"8682","2002075","0.7916666666666666"
"6048","2000344","0.75"
"6048","2005778","0.75"
"6069","2005014","0.7333333333333334"
"6082","2007613","0.7625"
"6082","2008709","0.7625"
"6082","2008629","0.7625"
"6082","2005022","0.7625"
"16178","2005286","0.7333333333333334"
"472","2004017","1.0"
"7478","2000984","0.7333333333333334"
"6161","2006211","0.71"
"6172","2007606","0.7625"
"6197","2007680","0.7916666666666666"
"6197","2001507","1.0"
"6231","2008423","0.825"
"6231","2007687","0.7625"
"6231","2006417","0.7625"
"6231","2002268","0.7625"
"7592","2004537","0.7625"
"646","2001834","1.0"
"654","2002012","0.7625"
"654","2003758","0.7625"
"8979","2001070","0.75"
"7658","2000081","0.7333333333333334"
"6347","2001297","0.7625"
"7756","2003155","0.7333333333333334"
"7778","2008701","0.7722222222222221"
"7778","2006743","0.7722222222222221"
"836","2002755","0.7"
"836","2002762","0.7307692307692308"
"7800","2006680","0.7625"
"7840","2004457","0.78"
"16547","2007821","0.75"
"16547","2000075","0.75"
"16547","2003590","0.75"
"7919","2007264","0.75"
"14070","2002902","0.7333333333333334"
"6629","2004320","0.75"
"6665","2005941","0.71"
"4029","2001252","0.78"
"5373","2007999","0.71"
"5387","2001288","0.7625"
"4070","2008418","0.75"
"4070","2000040","0.75"
"4070","2000462","0.75"
"14036","2002179","0.75"
"14036","2005555","0.75"
"5419","2006337","1.0"
"5419","2006351","1.0"
"6764","2006092","0.7333333333333334"
"4245","2002140","0.7625"
"4245","2007916","0.7625"
"5591","2003461","1.0"
"16825","2001894","0.7333333333333334"
"14268","2008804","0.8444444444444443"
"14268","2008803","0.8444444444444443"
"5625","2005821","1.0"
"4311","2000228","1.0"
"4311","2000025","1.0"
"4302","2002086","0.7863636363636364"
"13069","2007462","0.7625"
"3160","2007606","0.7625"
"15788","2003046","0.7625"
"13187","2004634","0.7625"
"5855","2003666","0.75"
"5875","2004320","0.75"
"14590","2001581","0.7625"
"2075","2008535","0.7333333333333334"
"2097","2005898","0.7625"
"12053","2004017","1.0"
"3464","2007293","0.7"
"13506","2007178","0.7625"
"12145","2000732","0.75"
"12106","2001395","0.7625"
"12106","2003263","0.7625"
"4808","2001634","0.75"
"3573","2002060","0.7333333333333334"
"2285","2006523","0.78"
"2282","2007408","0.75"
"14910","2005050","0.75"
"14910","2001606","0.75"
"14910","2008330","0.75"
"12262","2004387","0.78"
"3652","2006315","0.75"
"3652","2004395","0.75"
"3665","2004371","0.75"
"11054","2004378","0.7863636363636364"
"11054","2002894","0.7863636363636364"
"11054","2004084","0.7863636363636364"
"13685","2003571","0.78"
"48","2004276","0.7625"
"11129","2005043","0.7625"
"1259","2008672","1.0"
"11356","2004905","0.7863636363636364"
"1391","2006926","0.7"
"10141","2000350","0.7625"
"10097","2000077","0.78"
"2722","2002302","0.7625"
"10210","2005014","0.7333333333333334"
"2857","2006163","0.7849999999999999"
"10370","2008709","0.7625"
"10370","2008629","0.7625"
"10370","2005022","0.7625"
"10373","2001836","0.7625"
"11697","2002082","0.7625"
"10334","2006680","0.7625"
"10310","2004017","1.0"
"10283","2001212","0.78"
"2932","2007781","0.7722222222222221"
"11788","2000122","0.7625"
"11788","2001059","1.0"
"10639","2003352","0.78"
"10639","2001032","0.78"
"1977","2004087","1.0"
"10764","2000968","0.7722222222222221"
"10742","2002133","0.78"
"10742","2008809","0.78"
"10742","2002174","0.78"
"10790","2004378","1.0"
"10790","2002894","0.7863636363636364"
"10790","2004084","1.0"
"9331","2007996","0.7625"
"8060","2003263","0.7625"
"8075","2000294","0.78"
"8099","2000100","0.7625"
"9481","2005014","0.7333333333333334"
"9501","2001672","0.8416666666666666"
"9569","2001537","0.7227272727272727"
"9655","2001676","0.75"
"7117","2004790","0.7722222222222221"
"7117","2002486","0.7722222222222221"
"17258","2006532","0.7333333333333334"
"9844","2004932","0.71"
"9913","2006315","0.75"
"9913","2004395","0.75"
"349","2008513","0.7625"
"6017","2005163","0.7863636363636364"
"6017","2007492","0.7863636363636364"
"6099","2001212","0.78"
"16193","2004378","1.0"
"16193","2002894","0.7863636363636364"
"16193","2004084","1.0"
"475","2005766","0.7625"
"491","2004378","0.7863636363636364"
"491","2002894","0.7863636363636364"
"491","2004084","0.7863636363636364"
"7497","2005154","0.78"
"7497","2004043","1.0"
"6195","2008803","0.8444444444444443"
"8807","2004093","0.7625"
"8807","2000675","0.7625"
"8853","2008678","0.71"
"7547","2004558","0.7722222222222221"
"7584","2000151","0.75"
"8949","2004844","0.71"
"7641","2003775","0.78"
"5001","2002133","0.78"
"5001","2008809","0.78"
"5001","2002174","0.78"
"7691","2008513","0.7625"
"5092","2008709","0.7625"
"5092","2008629","0.7625"
"5092","2005022","1.0"
"15168","2001658","0.7722222222222221"
"7798","2004378","0.7863636363636364"
"7798","2002894","0.7863636363636364"
"7798","2004084","0.7863636363636364"
"5179","2004265","0.7249999999999999"
"811","2005821","1.0"
"7879","2005163","0.7863636363636364"
"7879","2007492","0.7863636363636364"
"5233","2003571","0.78"
"5264","2006680","0.7625"
"15215","2003666","0.75"
"5311","2004558","0.7722222222222221"
"6642","2008521","0.78"
"4064","2005163","0.7863636363636364"
"4064","2007492","0.7863636363636364"
"5486","2007408","0.75"
"16701","2001693","0.7863636363636364"
"14170","2002082","0.7625"
"14152","2004015","0.71"
"14152","2003571","0.78"
"6824","2001606","0.75"
"6824","2008330","0.75"
"6826","2003138","0.7722222222222221"
"6826","2007250","0.7625"
"14341","2001296","0.7863636363636364"
"14341","2002374","0.7863636363636364"
"15632","2002012","0.7625"
"15632","2003758","0.7625"
"13032","2000203","0.71"
"5707","2006743","0.7722222222222221"
"4439","2007837","0.7625"
"5885","2001296","0.7863636363636364"
"4558","2001115","0.75"
"4558","2008637","0.75"
"3246","2004215","0.7722222222222221"
"3246","2004093","1.0"
"3246","2000675","0.7625"
"13264","2007408","0.75"
"14723","2002012","0.7625"
"14723","2003758","0.7625"
"2085","2004378","1.0"
"2085","2002894","0.7863636363636364"
"2085","2004084","1.0"
"12000","2006358","0.71"
"3439","2007667","0.78"
"4769","2002133","0.78"
"4769","2008809","0.78"
"4769","2002174","0.78"
"2173","2001606","0.75"
"2173","2008330","0.75"
"2167","2008521","0.78"
"13462","2005581","0.7333333333333334"
"13442","2003978","0.7"
"14766","2008412","0.7625"
"3537","2004215","0.7722222222222221"
"3537","2004093","1.0"
"3537","2000675","0.7625"
"3532","2005154","0.78"
"3532","2004043","0.78"
"2242","2003387","0.825"
"12318","2001894","0.7333333333333334"
"14914","2004558","0.7722222222222221"
"12273","2001134","0.75"
"12273","2001265","0.75"
"12273","2005054","0.75"
"3606","2002140","0.7625"
"3606","2007916","0.7625"
"13775","2002137","0.75"
"12383","2007159","0.7625"
"11002","2000059","0.7625"
"13817","2002894","0.7863636363636364"
"13817","2004084","0.7863636363636364"
"1128","2007828","0.7625"
"1188","2006745","1.0"
"12540","2004395","0.75"
"2531","2003263","0.7625"
"1223","2000462","1.0"
"12652","2003609","0.7333333333333334"
"1325","2007715","0.7333333333333334"
"2672","2006183","0.75"
"2672","2000575","0.75"
"2672","2000416","0.75"
"11421","2002244","0.78"
"2774","2002522","0.78"
"11490","2008637","0.75"
"11493","2008962","0.7625"
"10306","2007610","0.7625"
"12920","2002894","0.7863636363636364"
"12920","2004084","1.0"
"11707","2007129","0.75"
"11879","2000075","0.75"
"11879","2003590","0.75"
"11802","2008809","0.78"
"11802","2002174","0.78"
"11805","2007781","0.7722222222222221"
"11912","2006861","0.7722222222222221"
"9036","2001579","0.75"
"9060","2004017","0.7722222222222221"
"10784","2001324","0.7625"
"9357","2002894","0.7863636363636364"
"9357","2004084","0.7863636363636364"
"8061","2000984","0.7333333333333334"
"9587","2008809","0.78"
"9587","2002174","0.78"
"8331","2004017","1.0"
"8347","2008672","1.0"
"7024","2004395","0.75"
"8436","2008637","0.75"
"7154","2001288","0.7625"
"8493","2000263","1.0"
"8505","2005581","1.0"
"9886","2007264","0.75"
"8571","2001265","0.75"
"8571","2005054","0.75"
"7334","2000675","1.0"
"6042","2004395","0.75"
"17323","2001288","0.7625"
"16182","2001265","0.75"
"16182","2005054","0.75"
"6130","2004395","1.0"
"6247","2000462","0.75"
"15083","2000228","1.0"
"15083","2000025","1.0"
"6379","2007715","0.7333333333333334"
"16475","2002060","0.7333333333333334"
"815","2007276","0.7625"
"15267","2001579","0.75"
"6632","2002486","1.0"
"14011","2001613","0.78"
"6745","2005288","0.7333333333333334"
"14160","2002268","0.7625"
"15708","2000732","0.75"
"5690","2004017","0.7722222222222221"
"15607","2006743","0.7722222222222221"
"3154","2004395","1.0"
"13149","2004352","0.7722222222222221"
"3206","2008629","0.7625"
"3206","2005022","0.7625"
"15899","2006175","0.75"
"15899","2004457","1.0"
"3338","2008809","0.78"
"3338","2002174","0.78"
"14686","2001386","0.7625"
"2114","2006183","0.75"
"2114","2000575","0.75"
"2114","2000416","0.75"
"12202","2001658","0.7722222222222221"
"12202","2007293","0.7722222222222221"
"14816","2004017","0.7722222222222221"
"4852","2003340","0.7333333333333334"
"2213","2002894","0.7863636363636364"
"2213","2004084","1.0"
"13638","2006351","1.0"
"12441","2000308","0.7863636363636364"
"11053","2004905","0.7863636363636364"
"13696","2003590","0.75"
"3788","2004084","0.7863636363636364"
"79","2008679","0.861111111111111"
"12628","2005043","0.7625"
"11288","2000462","0.75"
"2636","2001296","0.7863636363636364"
"10235","2003263","0.7625"
"11622","2007837","0.7625"
"12965","2005163","0.71"
"11694","2002268","0.7625"
"1749","2005983","0.7863636363636364"
"1761","2002268","0.7625"
"1826","2004084","0.7863636363636364"
"9161","2004084","0.7"
"9192","2004084","0.75"
"10944","2006418","1.0"
"9437","2006861","0.7722222222222221"
"7049","2008325","0.7333333333333334"
"9735","2001507","0.7916666666666666"
"7245","2005054","0.75"
"8597","2004905","0.7863636363636364"
"7281","2005163","0.7863636363636364"
"7281","2007492","0.7863636363636364"
"17357","2005819","0.7722222222222221"
"17357","2006991","0.7722222222222221"
"16165","2006861","0.7722222222222221"
"438","2007552","0.75"
"7513","2000518","0.75"
"6298","2000416","0.75"
"17688","2003666","0.75"
"15299","2004084","0.7863636363636364"
"7901","2001296","0.7863636363636364"
"6683","2004084","0.7863636363636364"
"6738","2001296","0.7863636363636364"
"6738","2002374","0.7863636363636364"
"5425","2004084","0.7863636363636364"
"16768","2005163","0.7863636363636364"
"16768","2007492","0.7863636363636364"
"15412","2004043","0.7227272727272727"
"3063","2004084","0.75"
"16968","2008330","0.75"
"15635","2007837","0.7625"
"15809","2005054","0.75"
"14473","2001164","0.78"
"4562","2000424","0.8222222222222221"
"3254","2000025","0.7625"
"4610","2008218","0.7333333333333334"
"3318","2005694","1.0"
"13360","2004084","0.7863636363636364"
"13323","2005163","0.7863636363636364"
"13323","2007492","0.7863636363636364"
"13429","2007837","0.7625"
"13649","2001658","0.7722222222222221"
"3607","2004043","0.78"
"1256","2000151","0.75"
"11502","2003590","0.75"
"11518","2004395","0.75"
"10174","2004395","0.75"
"10605","2005022","0.7625"
"9358","2004395","1.0"
"9444","2004395","0.75"
"6086","2006861","0.7722222222222221"
"15340","2004277","1.0"
"15795","2005022","0.7625"
"4853","2008513","0.7625"
"17131","2008513","0.7625"
"17305","2007844","0.7722222222222221"
"4489","2004206","0.7722222222222221"
"4902","2003380","0.7722222222222221"
