"2565","2006738","0.91"
"12660","2009027","0.9067940033383189"
"8147","2007896","0.9067940033383189"
"2704","2002169","0.9067940033383189"
"2136","2007675","0.9067940033383189"
"5298","2002227","0.9067940033383189"
"5448","2001498","0.9067940033383189"
"2842","2007691","0.9067940033383189"
"169","2000170","0.9067940033383189"
"7350","2006364","0.9067940033383189"
"2236","2002146","0.9067940033383189"
"1094","2005628","0.9067940033383189"
"11084","2008574","0.9067940033383189"
"4834","2008400","0.9067940033383189"
"4027","2002112","0.9067940033383189"
"4100","2001491","0.9067940033383189"
"10467","2001897","0.9067940033383189"
"4168","2001641","0.9067940033383189"
"2935","2006900","0.9067940033383189"
"13165","2008189","0.9067940033383189"
"3506","2005130","0.9067940033383189"
"881","2003670","0.9067940033383189"
"3754","2003640","0.9067940033383189"
"313","2000589","0.9067940033383189"
"54","2003642","0.9067940033383189"
"10274","2008309","0.9067940033383189"
"2962","2000811","0.9067940033383189"
"536","2004906","0.9067940033383189"
"7505","2007082","0.9067940033383189"
"28","2001327","0.9067940033383189"
"50","2004289","0.9067940033383189"
"4101","2002416","0.9067940033383189"
"386","2002760","0.9067940033383189"
"2162","2000612","0.9067940033383189"
"8176","2003269","0.9067940033383189"
"143","2002596","0.9067940033383189"
"11964","2004396","0.93"
"11297","2006743","0.9067940033383189"
"3070","2005139","0.9067940033383189"
"8933","2001693","0.9067940033383189"
"13227","2005272","0.9067940033383189"
"1013","2004042","0.9067940033383189"
"2340","2003883","0.9067940033383189"
"3538","2002659","0.9067940033383189"
"4450","2003409","0.9067940033383189"
"1510","2007529","0.9067940033383189"
"4019","2007745","0.9067940033383189"
"5775","2005883","0.9067940033383189"
"7008","2005427","0.9067940033383189"
"2882","2003516","0.9067940033383189"
"3312","2005173","0.9067940033383189"
"350","2005864","0.9067940033383189"
"2581","2000886","0.9067940033383189"
"4125","2003169","0.9067940033383189"
"835","2003265","0.9067940033383189"
"5016","2005502","0.9067940033383189"
"1951","2008150","0.9067940033383189"
"4495","2002831","0.9067940033383189"
"5711","2004202","0.9067940033383189"
"10313","2004513","0.9067940033383189"
"3920","2005338","0.9067940033383189"
"1573","2007916","0.9067940033383189"
"3198","2008982","0.9067940033383189"
"1309","2001277","0.9067940033383189"
"2846","2001371","0.9067940033383189"
"355","2008032","0.9067940033383189"
"8502","2004990","0.9067940033383189"
"1186","2000149","0.91"
"1633","2002819","0.9067940033383189"
"5610","2007736","0.9067940033383189"
"4998","2000730","0.9067940033383189"
"3171","2008298","0.979107142857143"
"9640","2005138","0.9067940033383189"
"5852","2000771","0.9067940033383189"
"6606","2006255","0.9067940033383189"
"1032","2007448","0.92"
"9856","2000468","0.9067940033383189"
"4486","2001868","0.9067940033383189"
"1664","2002533","0.9067940033383189"
"6085","2002677","0.9067940033383189"
"11205","2001705","0.9067940033383189"
"4017","2000597","0.9067940033383189"
"4119","2000286","0.9067940033383189"
"6167","2005413","0.9067940033383189"
"13850","2006080","0.9067940033383189"
"5773","2004126","0.9067940033383189"
"3457","2008612","0.9067940033383189"
"159","2004425","0.9"
"7633","2001912","0.9067940033383189"
"1143","2000576","0.92"
"6862","2004510","0.9067940033383189"
"244","2002693","0.9067940033383189"
"2394","2008856","0.91"
"3415","2007931","0.9067940033383189"
"9312","2000960","0.9067940033383189"
"724","2008171","0.9067940033383189"
"2672","2003056","0.9067940033383189"
"3625","2004843","0.9067940033383189"
"3684","2000151","0.9067940033383189"
"2266","2008181","0.9067940033383189"
"2484","2007291","0.9067940033383189"
"833","2000552","0.9067940033383189"
"5557","2003773","0.9067940033383189"
"2632","2001313","0.9067940033383189"
"3422","2001002","0.9067940033383189"
"14306","2007773","0.9067940033383189"
"5226","2007137","0.9067940033383189"
"4783","2004742","0.92988195441142"
"3315","2002648","0.9067940033383189"
"267","2003833","0.9067940033383189"
"8854","2006974","0.9067940033383189"
"5412","2007247","0.9067940033383189"
"1230","2003824","0.9067940033383189"
"614","2002099","0.9067940033383189"
"2856","2003963","0.9067940033383189"
"8432","2000060","0.9067940033383189"
"2424","2000544","0.979107142857143"
"2532","2008555","0.9067940033383189"
"3647","2006755","0.9067940033383189"
"8526","2005057","0.9067940033383189"
"13655","2001234","0.9067940033383189"
"8924","2007030","0.9067940033383189"
"1925","2005494","0.9067940033383189"
"6612","2001553","0.9067940033383189"
"2059","2008428","0.9067940033383189"
"5208","2000041","0.9067940033383189"
"3136","2001899","0.9067940033383189"
"7427","2008632","0.9067940033383189"
"6852","2005497","0.9067940033383189"
"3427","2007368","0.9067940033383189"
"382","2002710","0.9067940033383189"
"6999","2007426","0.9067940033383189"
"3979","2002374","0.9067940033383189"
"992","2001357","0.9067940033383189"
"712","2003388","0.9067940033383189"
"1874","2001249","0.9067940033383189"
"4667","2000989","0.9067940033383189"
"9131","2007183","0.9067940033383189"
"170","2004989","0.9067940033383189"
"9709","2004110","0.9067940033383189"
"1076","2004296","0.9067940033383189"
"1817","2003942","0.9067940033383189"
"8450","2001196","0.9067940033383189"
"10186","2007187","0.9067940033383189"
"4649","2003657","0.9067940033383189"
"2035","2001148","0.9067940033383189"
"1287","2004290","0.9067940033383189"
"6853","2001033","1.0"
"10605","2008629","0.9067940033383189"
"876","2004355","0.9067940033383189"
"3271","2008603","0.9067940033383189"
"3384","2008727","0.9067940033383189"
"1519","2005936","0.9067940033383189"
"995","2008652","0.9067940033383189"
"1289","2002696","0.9067940033383189"
"1756","2000033","0.9067940033383189"
"6487","2003084","0.9"
"13287","2000015","0.9067940033383189"
"2023","2000912","0.9067940033383189"
"12537","2003804","0.9067940033383189"
"2086","2005398","0.9067940033383189"
"3463","2007774","0.9067940033383189"
"3714","2008538","0.9067940033383189"
"2618","2002041","0.9067940033383189"
"1064","2002235","0.9067940033383189"
"3784","2005091","1.0"
"4702","2005228","1.0"
"1009","2003188","0.9067940033383189"
"5218","2001817","0.9067940033383189"
"1420","2008728","0.9067940033383189"
"14544","2001660","0.9067940033383189"
"1343","2002636","0.9067940033383189"
"13170","2003050","0.9067940033383189"
"4958","2006079","0.9067940033383189"
"1299","2005819","0.9067940033383189"
"239","2005163","0.9067940033383189"
"465","2003392","0.9067940033383189"
"2721","2006788","0.9067940033383189"
"13","2002172","0.9067940033383189"
"2668","2007751","0.9067940033383189"
"1559","2008602","0.9067940033383189"
"11912","2004283","0.9067940033383189"
"2438","2008739","0.9067940033383189"
"10702","2002629","0.9067940033383189"
"8173","2006565","0.9067940033383189"
"7396","2001663","0.9067940033383189"
"3266","2004666","0.9067940033383189"
"2169","2006518","0.9067940033383189"
"13433","2000611","0.9067940033383189"
"99","2002367","0.9067940033383189"
"4856","2004658","0.9067940033383189"
"4603","2008626","0.9067940033383189"
"7933","2005152","0.9067940033383189"
"4809","2001138","0.9067940033383189"
"8508","2005128","0.9067940033383189"
"12415","2008932","0.97"
"1018","2002432","0.9067940033383189"
"506","2008725","0.9067940033383189"
"11466","2004799","1.0"
"450","2003346","0.9067940033383189"
"3129","2001866","0.9067940033383189"
"1915","2008061","0.9067940033383189"
"1585","2005162","0.9067940033383189"
"4152","2003247","0.9067940033383189"
"1697","2007785","0.9067940033383189"
"1488","2004325","0.9067940033383189"
"13827","2000006","0.92"
"7928","2003329","0.9067940033383189"
"2925","2006805","0.9067940033383189"
"8494","2003550","0.9067940033383189"
"4409","2001742","0.9067940033383189"
"3149","2007328","0.9067940033383189"
"12311","2003689","0.9067940033383189"
"2792","2005473","0.9067940033383189"
"2912","2004226","0.9067940033383189"
"3003","2002956","0.9067940033383189"
"269","2001335","0.9067940033383189"
"3","2006470","0.98"
"7080","2000258","0.9067940033383189"
"7903","2008376","0.9067940033383189"
"12979","2008330","0.9067940033383189"
"2302","2002221","0.9067940033383189"
"9382","2000190","0.9067940033383189"
"4114","2003110","0.94"
"7733","2005836","0.9067940033383189"
"1186","2000140","0.91"
"5358","2001074","0.9067940033383189"
"7229","2000808","0.9067940033383189"
"1186","2000146","0.9"
"4221","2002228","0.9067940033383189"
"3501","2004372","0.9067940033383189"
"4827","2002434","0.9067940033383189"
"7194","2006163","0.9067940033383189"
"2326","2001995","0.9067940033383189"
"8804","2003828","0.9067940033383189"
"1715","2008957","0.9067940033383189"
"5464","2005540","0.9067940033383189"
"4341","2008380","0.9067940033383189"
"4176","2002216","0.9067940033383189"
"5215","2001497","0.9067940033383189"
"6588","2008871","0.9067940033383189"
"7560","2006500","0.9067940033383189"
"11817","2003823","0.9067940033383189"
"10180","2007046","0.9067940033383189"
"3035","2005439","0.9067940033383189"
"3090","2006544","0.9067940033383189"
"351","2000807","0.9067940033383189"
"4739","2001308","0.9067940033383189"
"2242","2000188","1.0"
"7067","2001261","0.9067940033383189"
"5121","2001159","0.9067940033383189"
"7418","2004505","0.9067940033383189"
"6375","2005672","0.9067940033383189"
"1087","2007857","0.9067940033383189"
"5098","2003554","0.9067940033383189"
"10506","2008903","0.9067940033383189"
"9003","2005717","0.9067940033383189"
"652","2007959","0.9067940033383189"
"9909","2001377","0.9067940033383189"
"3476","2002953","0.9067940033383189"
"95","2008927","0.9067940033383189"
"5320","2001480","0.9067940033383189"
"2936","2003467","0.9067940033383189"
"1774","2000863","0.9902322045791787"
"933","2007656","0.9"
"12410","2008346","0.9067940033383189"
"7129","2006377","0.9067940033383189"
"1423","2001162","0.9067940033383189"
"3581","2002025","0.9067940033383189"
"10581","2000415","0.9067940033383189"
"78","2006232","0.9067940033383189"
"5151","2004232","0.92988195441142"
"2201","2001142","0.9067940033383189"
"5417","2001018","0.9067940033383189"
"128","2008131","0.9067940033383189"
"6455","2004905","0.9067940033383189"
"2625","2005387","0.9067940033383189"
"1279","2002294","0.9067940033383189"
"2164","2003146","0.9391071428571429"
"11981","2000356","0.9067940033383189"
"8005","2000068","0.9067940033383189"
"912","2007956","0.9067940033383189"
"7894","2005924","0.9067940033383189"
"2272","2003367","0.9067940033383189"
"13136","2002923","0.9067940033383189"
"3927","2007849","0.9067940033383189"
"3117","2000070","0.9067940033383189"
"1453","2004015","0.9067940033383189"
"4614","2006012","0.9067940033383189"
"5983","2008558","0.9067940033383189"
"155","2000804","0.9067940033383189"
"4594","2001971","0.9067940033383189"
"6620","2005338","0.98"
"1160","2002918","0.9067940033383189"
"3223","2007418","0.9"
"4303","2001862","0.9067940033383189"
"6112","2002496","0.9067940033383189"
"3599","2007211","0.9067940033383189"
"449","2002499","0.9067940033383189"
"6083","2006111","0.9067940033383189"
"891","2005256","0.9067940033383189"
"496","2003981","0.9067940033383189"
"3833","2001703","0.9067940033383189"
"51","2002309","0.9067940033383189"
"358","2008074","0.9067940033383189"
"248","2004060","0.9067940033383189"
"9979","2005766","0.9067940033383189"
"5101","2008762","0.9067940033383189"
"1210","2002977","0.9067940033383189"
"985","2008479","0.9067940033383189"
"1120","2004818","0.9067940033383189"
"830","2000175","0.9067940033383189"
"10735","2006971","0.9067940033383189"
"2773","2002747","0.9067940033383189"
"7126","2008303","0.9067940033383189"
"499","2003499","0.9067940033383189"
"1377","2006882","0.9067940033383189"
"1785","2006826","0.9067940033383189"
"2535","2008039","0.9067940033383189"
"6378","2004288","0.9067940033383189"
"2116","2001744","0.9067940033383189"
"3066","2006731","0.9067940033383189"
"997","2007453","0.9067940033383189"
"4356","2006770","0.9067940033383189"
"1145","2001085","0.9067940033383189"
"6774","2004302","0.9067940033383189"
"799","2007444","0.9067940033383189"
"6565","2000207","0.9067940033383189"
"6602","2003954","0.9067940033383189"
"623","2002039","0.9067940033383189"
"7468","2007008","0.93"
"5159","2008768","0.9067940033383189"
"2649","2004890","0.9067940033383189"
"6751","2008616","0.9067940033383189"
"4243","2008260","0.9067940033383189"
"8762","2001778","1.0"
"5920","2005302","0.9067940033383189"
"2359","2000133","0.9067940033383189"
"6468","2001474","0.9067940033383189"
"4646","2005761","0.9067940033383189"
"8120","2008201","0.9067940033383189"
"109","2007010","0.9067940033383189"
"219","2008211","0.9067940033383189"
"11129","2009065","0.9067940033383189"
"3861","2006366","0.9067940033383189"
"5689","2005740","0.9067940033383189"
"7033","2006068","0.9067940033383189"
"2458","2008280","0.9067940033383189"
"3562","2003303","0.9067940033383189"
"2888","2007899","0.9067940033383189"
"7442","2004265","0.9067940033383189"
"13390","2006884","0.9067940033383189"
"4545","2001807","0.9067940033383189"
"8221","2004717","0.9067940033383189"
"7073","2006610","0.9067940033383189"
"679","2008936","0.9067940033383189"
"9519","2003932","0.9067940033383189"
"8089","2002144","0.9067940033383189"
"3068","2008663","0.9067940033383189"
"175","2003105","0.9067940033383189"
"6936","2005303","0.9067940033383189"
"2125","2007226","0.9067940033383189"
"3828","2004617","0.9067940033383189"
"3277","2002695","0.9067940033383189"
"1012","2003449","0.9067940033383189"
"8348","2007968","0.979107142857143"
"5173","2006603","0.9067940033383189"
"5128","2000942","0.9067940033383189"
"15771","2006512","0.9067940033383189"
"2147","2005098","0.9067940033383189"
"299","2005521","0.9067940033383189"
"1649","2004428","0.9067940033383189"
"12104","2001933","0.9067940033383189"
"10061","2004019","0.9067940033383189"
"8457","2001387","0.9067940033383189"
"12223","2007192","0.9067940033383189"
"9163","2006103","0.9067940033383189"
"192","2002861","0.9067940033383189"
"10704","2007132","0.9067940033383189"
"6717","2008880","0.9067940033383189"
"8203","2005659","0.9067940033383189"
"4666","2005362","0.9067940033383189"
"5568","2003211","0.9067940033383189"
"3764","2000843","0.91"
"5795","2008184","0.9067940033383189"
"2575","2007318","0.9067940033383189"
"8054","2000146","0.9067940033383189"
"5235","2004956","0.9067940033383189"
"4507","2008800","0.9067940033383189"
"9496","2000339","0.979107142857143"
"495","2001678","0.9067940033383189"
"10001","2003704","0.9067940033383189"
"9551","2002001","0.9067940033383189"
"1238","2002486","0.9067940033383189"
"2402","2002435","0.9067940033383189"
"2903","2007667","0.9067940033383189"
"436","2005331","0.9067940033383189"
"3906","2007706","0.9067940033383189"
"90","2006541","0.9067940033383189"
"1307","2008724","0.9067940033383189"
"87","2004806","0.9067940033383189"
"6998","2003334","0.9067940033383189"
"9639","2006670","0.9067940033383189"
"13306","2008657","0.9067940033383189"
"944","2006219","0.9067940033383189"
"5633","2006625","0.9067940033383189"
"14168","2005159","0.9067940033383189"
"4428","2000375","0.9"
"118","2002077","0.9067940033383189"
"7920","2007642","0.9067940033383189"
"14766","2003062","0.9067940033383189"
"2310","2006251","0.979107142857143"
"1682","2001538","0.9067940033383189"
"708","2000599","0.9067940033383189"
"3403","2003620","0.9067940033383189"
"7528","2002840","0.9067940033383189"
"5913","2004863","0.9067940033383189"
"2978","2000624","0.9067940033383189"
"298","2005968","0.9067940033383189"
"5064","2003039","0.9067940033383189"
"6581","2002794","0.9067940033383189"
"7591","2003469","0.979107142857143"
"1143","2000546","0.94"
"1808","2004767","0.9067940033383189"
"6447","2006328","0.9067940033383189"
"4797","2008648","0.9067940033383189"
"8777","2005767","0.9067940033383189"
"5449","2001932","0.9067940033383189"
"2406","2004932","0.9067940033383189"
"1399","2002561","0.9067940033383189"
"13873","2005675","0.9067940033383189"
"3513","2002707","0.9067940033383189"
"1615","2005221","0.9067940033383189"
"4365","2005382","0.9067940033383189"
"59","2007696","0.9067940033383189"
"7616","2006038","0.9067940033383189"
"14140","2001500","0.9067940033383189"
"5244","2006710","0.9067940033383189"
"2353","2007381","0.9067940033383189"
"11315","2001542","0.9067940033383189"
"13487","2005926","0.9067940033383189"
"1185","2002845","0.9067940033383189"
"7918","2003148","0.9067940033383189"
"5318","2008226","0.9067940033383189"
"1743","2003299","0.9067940033383189"
"2040","2002081","0.9067940033383189"
"6106","2006016","0.9067940033383189"
"5436","2003455","0.9067940033383189"
"2749","2003002","0.9067940033383189"
"2456","2004645","0.979107142857143"
"932","2004268","0.9067940033383189"
"9736","2006854","0.9067940033383189"
"4053","2001892","0.9067940033383189"
"1732","2000606","0.9067940033383189"
"9055","2008371","0.9067940033383189"
"7240","2002207","0.9067940033383189"
"9282","2002410","0.9067940033383189"
"3062","2006676","0.9067940033383189"
"98","2003638","0.9067940033383189"
"9863","2006117","0.92"
"13303","2006737","0.9067940033383189"
"1645","2006729","0.9067940033383189"
"2","2001652","0.9067940033383189"
"795","2004934","0.9067940033383189"
"1638","2003846","0.9067940033383189"
"1138","2007609","0.9067940033383189"
"165","2004791","0.9067940033383189"
"780","2005537","0.9067940033383189"
"2352","2007562","0.9067940033383189"
"10567","2001384","0.9067940033383189"
"2422","2008134","0.9067940033383189"
"6004","2005224","0.9067940033383189"
"8703","2001754","0.9067940033383189"
"8921","2006574","0.9067940033383189"
"4646","2005343","0.9067940033383189"
"2545","2004465","0.9067940033383189"
"15349","2002945","0.9067940033383189"
"4172","2002735","0.9067940033383189"
"327","2002625","0.9067940033383189"
"317","2000798","0.91"
"278","2008721","0.9067940033383189"
"4611","2005323","0.9391071428571429"
"1836","2008369","0.9067940033383189"
"14416","2002969","0.9067940033383189"
"1971","2007225","0.9067940033383189"
"14347","2003162","0.9067940033383189"
"920","2008651","0.9067940033383189"
"11242","2006065","0.9067940033383189"
"6035","2005116","0.9067940033383189"
"2259","2000910","0.9067940033383189"
"1688","2000251","0.9067940033383189"
"1362","2000626","0.9067940033383189"
"356","2008425","0.9067940033383189"
"481","2008733","0.9067940033383189"
"4170","2004203","0.9067940033383189"
"554","2002766","0.9067940033383189"
"13771","2004721","0.9067940033383189"
"7741","2008953","0.9067940033383189"
"11943","2005748","0.9067940033383189"
"11864","2006604","0.9067940033383189"
"2084","2003931","0.9067940033383189"
"5526","2007731","0.9067940033383189"
"4156","2003613","0.9067940033383189"
"9081","2007057","0.9067940033383189"
"910","2008665","0.9067940033383189"
"631","2004287","0.9067940033383189"
"4750","2004284","0.97"
"1269","2002031","0.9067940033383189"
"243","2001719","0.9067940033383189"
"7964","2002598","0.97"
"3159","2009002","0.9067940033383189"
"10182","2004596","0.9067940033383189"
"7623","2008977","0.9067940033383189"
"3747","2008472","0.9067940033383189"
"46","2006903","0.9067940033383189"
"4071","2002174","0.9067940033383189"
"3651","2008175","0.9067940033383189"
"1413","2004098","0.9067940033383189"
"1323","2009025","0.9067940033383189"
"7695","2006104","0.9067940033383189"
"12007","2000642","0.9067940033383189"
"15953","2001894","0.9067940033383189"
"2758","2008269","0.9067940033383189"
"168","2008475","0.9067940033383189"
"709","2008347","0.9067940033383189"
"972","2008722","0.979107142857143"
"337","2000614","0.9067940033383189"
"14078","2000110","0.9067940033383189"
"3640","2006243","0.9067940033383189"
"2413","2005028","0.9067940033383189"
"5942","2008503","0.9067940033383189"
"5978","2003526","0.9067940033383189"
"723","2007301","0.9067940033383189"
"7264","2003124","0.9067940033383189"
"132","2001053","0.9067940033383189"
"809","2000137","0.9067940033383189"
"8160","2002871","0.9067940033383189"
"10104","2006161","0.9067940033383189"
"63","2007236","0.9067940033383189"
"10177","2007715","0.9067940033383189"
"11375","2001783","0.9067940033383189"
"2614","2004582","0.9067940033383189"
"1317","2000543","0.92"
"2616","2002526","0.9067940033383189"
"7071","2007369","0.9067940033383189"
"4163","2007157","0.9067940033383189"
"5510","2001135","0.9067940033383189"
"1568","2004301","0.9067940033383189"
"9585","2004489","0.9067940033383189"
"2944","2003173","0.9067940033383189"
"524","2004706","0.9067940033383189"
"9182","2001598","0.9067940033383189"
"108","2008737","0.9067940033383189"
"1153","2003609","0.9067940033383189"
"9782","2002378","0.9067940033383189"
"2448","2001711","0.9067940033383189"
"3558","2001217","0.9067940033383189"
"686","2000173","0.9067940033383189"
"6005","2007808","0.9067940033383189"
"2104","2008459","0.9067940033383189"
"884","2003121","0.9067940033383189"
"1229","2006647","0.9067940033383189"
"3774","2000481","0.9"
"4228","2007433","0.9067940033383189"
"682","2001839","0.9067940033383189"
"11003","2004739","0.9067940033383189"
"617","2003575","0.9067940033383189"
"4492","2005893","0.9067940033383189"
"918","2001557","0.9067940033383189"
"7947","2006740","0.9067940033383189"
"1835","2003297","0.979107142857143"
"8069","2005113","0.9067940033383189"
"974","2004795","0.979107142857143"
"3404","2008411","0.9067940033383189"
"9666","2004613","0.9067940033383189"
"4477","2003948","0.9067940033383189"
"903","2005835","0.9067940033383189"
"3785","2007043","0.9067940033383189"
"112","2004352","0.9067940033383189"
"69","2005524","0.9067940033383189"
"3758","2002921","0.9067940033383189"
"4469","2008480","0.9067940033383189"
"3394","2007454","0.9067940033383189"
"2233","2001031","0.9067940033383189"
"2271","2005788","0.9067940033383189"
"2516","2007385","0.9067940033383189"
"220","2001368","0.9067940033383189"
"10749","2008522","0.9067940033383189"
"3707","2008528","0.9067940033383189"
"7736","2007999","0.9067940033383189"
"1198","2003228","0.9067940033383189"
"7831","2000449","0.9067940033383189"
"1126","2001764","0.9067940033383189"
"166","2004222","0.94"
"5827","2003937","0.9067940033383189"
"1228","2007463","0.9067940033383189"
"4295","2007983","0.9067940033383189"
"2472","2005790","0.9067940033383189"
"1074","2002981","0.9067940033383189"
"1737","2001750","0.9067940033383189"
"846","2007941","0.9067940033383189"
"13770","2001855","0.9067940033383189"
"1421","2005952","0.9067940033383189"
"15921","2005481","0.9067940033383189"
"142","2007948","0.9067940033383189"
"4782","2005229","1.0"
"3741","2008011","0.9067940033383189"
"12782","2004499","0.9067940033383189"
"5598","2003590","0.9067940033383189"
"2759","2006357","0.9067940033383189"
"18","2000735","0.9067940033383189"
"3949","2007970","0.9067940033383189"
"3723","2003749","0.9067940033383189"
"205","2000967","0.9067940033383189"
"6053","2008825","0.96"
"486","2007940","0.9067940033383189"
"7745","2002911","0.9067940033383189"
"8298","2002543","0.9067940033383189"
"8446","2003336","0.9067940033383189"
"8245","2000325","0.9067940033383189"
"8052","2003045","0.9067940033383189"
"1954","2003363","0.9067940033383189"
"10661","2003767","0.9067940033383189"
"1194","2008876","0.9067940033383189"
"8683","2003817","0.9067940033383189"
"3592","2000437","0.9067940033383189"
"855","2001319","0.9067940033383189"
"6536","2007752","0.9067940033383189"
"3553","2005222","0.9067940033383189"
"194","2007498","0.9067940033383189"
"71","2005000","0.9067940033383189"
"10489","2002018","0.9067940033383189"
"1790","2001136","0.9067940033383189"
"7665","2004340","0.9067940033383189"
"1263","2005613","0.9067940033383189"
"721","2001734","0.9067940033383189"
"2041","2003369","0.9067940033383189"
"5452","2008068","0.9067940033383189"
"5738","2005536","0.9067940033383189"
"2488","2000276","0.9067940033383189"
"6170","2000365","0.9"
"6354","2000269","0.9067940033383189"
"3872","2004393","0.9067940033383189"
"10591","2000824","0.9067940033383189"
"4026","2005146","0.9067940033383189"
"12247","2000505","0.9067940033383189"
"1456","2004539","0.9067940033383189"
"11225","2005478","0.9067940033383189"
"1484","2000820","0.9067940033383189"
"4399","2002361","0.9067940033383189"
"8818","2006136","0.9067940033383189"
"6511","2002186","0.9067940033383189"
"198","2006669","0.9067940033383189"
"1321","2005708","0.9067940033383189"
"695","2002353","0.9067940033383189"
"9871","2009074","0.9067940033383189"
"8021","2001434","0.9067940033383189"
"968","2005155","0.979107142857143"
"12662","2002015","0.9067940033383189"
"4139","2005075","0.9067940033383189"
"1892","2007607","0.9067940033383189"
"89","2004817","0.9067940033383189"
"14626","2002212","0.9067940033383189"
"5026","2008173","0.9067940033383189"
"4194","2005233","0.9067940033383189"
"10559","2006757","0.9067940033383189"
"7184","2002449","0.9067940033383189"
"532","2008225","0.9067940033383189"
"9035","2000635","0.9067940033383189"
"851","2002837","0.9067940033383189"
"5533","2008766","0.9067940033383189"
"9","2007964","0.9067940033383189"
"8207","2000223","0.9067940033383189"
"1571","2003214","0.9067940033383189"
"488","2003483","0.9067940033383189"
"4192","2004912","0.9067940033383189"
"1723","2003818","0.9067940033383189"
"6042","2006315","0.9067940033383189"
"882","2003752","0.9067940033383189"
"2157","2002517","0.9067940033383189"
"4840","2002734","0.9067940033383189"
"125","2006025","0.9067940033383189"
"5600","2003966","0.9067940033383189"
"12192","2006868","0.9067940033383189"
"5569","2006087","0.9067940033383189"
"1182","2002271","0.9067940033383189"
"4413","2007914","0.9067940033383189"
"222","2002904","0.9067940033383189"
"2124","2005433","0.9067940033383189"
"898","2003052","0.9067940033383189"
"5590","2002043","0.9067940033383189"
"1529","2001012","0.9067940033383189"
"102","2007146","0.9067940033383189"
"8833","2005678","0.9067940033383189"
"7287","2007007","0.9067940033383189"
"3258","2008015","0.9067940033383189"
"2957","2001473","0.9067940033383189"
"16137","2005337","0.9"
"11821","2001032","0.9067940033383189"
"2885","2003037","0.9067940033383189"
"12203","2008640","0.9067940033383189"
"492","2007449","0.9067940033383189"
"3382","2007159","0.9067940033383189"
"1705","2005195","0.9067940033383189"
"2778","2004135","0.9067940033383189"
"4135","2000881","0.9067940033383189"
"5444","2002615","0.9067940033383189"
"8396","2002548","0.9067940033383189"
"8621","2004086","0.9067940033383189"
"234","2003067","0.9"
"3931","2000086","0.9067940033383189"
"30","2005103","0.9067940033383189"
"6678","2001576","0.9067940033383189"
"9897","2005181","0.9067940033383189"
"2390","2004405","0.9067940033383189"
"1426","2000607","0.9067940033383189"
"6056","2006372","0.9067940033383189"
"1554","2001600","0.9067940033383189"
"452","2006070","0.9067940033383189"
"1080","2004549","0.9067940033383189"
"9744","2007149","0.9067940033383189"
"3032","2005635","0.9067940033383189"
"11894","2004998","0.9"
"5310","2001024","0.9391071428571429"
"2249","2008605","0.9067940033383189"
"9939","2000641","0.9067940033383189"
"9819","2008101","0.9067940033383189"
"9308","2003666","0.9067940033383189"
"7282","2001226","0.9067940033383189"
"9215","2001169","0.9067940033383189"
"210","2001968","0.9067940033383189"
"8377","2005086","0.9067940033383189"
"7451","2000718","0.9067940033383189"
"3263","2002572","0.9067940033383189"
"2170","2006663","0.9067940033383189"
"340","2002438","0.9067940033383189"
"280","2004800","0.9067940033383189"
"1372","2004362","1.0"
"1765","2005985","0.9067940033383189"
"120","2005704","0.9067940033383189"
"1853","2005861","0.9067940033383189"
"5076","2004328","0.979107142857143"
"627","2003988","0.9067940033383189"
"3461","2005069","0.9067940033383189"
"2893","2006689","0.9067940033383189"
"2795","2006091","0.9067940033383189"
"3276","2005917","0.9067940033383189"
"8443","2004903","0.9067940033383189"
"10282","2008082","0.9067940033383189"
"1680","2007409","0.9067940033383189"
"3859","2005751","0.9067940033383189"
"13506","2005970","0.9067940033383189"
"2165","2001786","0.9067940033383189"
"7309","2003676","0.9067940033383189"
"11179","2004139","0.9"
"5047","2000926","0.9067940033383189"
"3918","2004458","1.0"
"6199","2004297","0.9067940033383189"
"3790","2008353","0.9067940033383189"
"8727","2006270","0.9067940033383189"
"1081","2007411","0.9067940033383189"
"6084","2006204","0.9067940033383189"
"3798","2003829","0.9067940033383189"
"2100","2003733","0.9067940033383189"
"1221","2007870","0.9067940033383189"
"2635","2004976","0.9067940033383189"
"2803","2006185","0.9067940033383189"
"7579","2007405","0.9067940033383189"
"1422","2005126","0.9067940033383189"
"1149","2000970","0.9067940033383189"
"4977","2003614","0.9067940033383189"
"3782","2005111","0.9067940033383189"
"2546","2005793","0.9067940033383189"
"2301","2006524","0.9067940033383189"
"6094","2001617","0.9067940033383189"
"381","2005389","0.9067940033383189"
"14182","2001268","0.9067940033383189"
"12288","2006119","0.9067940033383189"
"1846","2008924","0.9067940033383189"
"2604","2005417","0.9067940033383189"
"7852","2004246","0.9067940033383189"
"5877","2005626","0.9067940033383189"
"1967","2003983","0.9067940033383189"
"9763","2001898","0.9067940033383189"
"2430","2007536","0.9067940033383189"
"139","2000676","0.9067940033383189"
"4407","2005498","0.9067940033383189"
"6327","2001723","0.9067940033383189"
"10258","2004881","0.9067940033383189"
"2463","2008815","0.9067940033383189"
"4696","2002070","0.9067940033383189"
"8585","2004420","0.9067940033383189"
"345","2000036","0.9067940033383189"
"994","2005667","0.9067940033383189"
"3370","2003892","0.9067940033383189"
"1176","2002620","0.9067940033383189"
"852","2003285","0.9067940033383189"
"5465","2000348","0.9067940033383189"
"2421","2001684","0.9067940033383189"
"4967","2006184","0.9067940033383189"
"6845","2000821","0.93"
"12252","2005802","0.9067940033383189"
"7710","2008783","0.9067940033383189"
"6723","2006899","0.9067940033383189"
"1893","2007517","0.9067940033383189"
"4616","2005125","0.9067940033383189"
"7065","2008042","0.9067940033383189"
"5509","2000543","0.98"
"6165","2004556","0.9067940033383189"
"14301","2005631","0.9067940033383189"
"1851","2008291","0.9067940033383189"
"3375","2001815","0.9067940033383189"
"522","2000994","0.9"
"6800","2007331","0.9067940033383189"
"3621","2002462","0.92"
"7520","2008542","0.9067940033383189"
"4431","2006228","0.9067940033383189"
"1667","2001454","0.9067940033383189"
"1045","2008752","0.9067940033383189"
"424","2006353","0.9067940033383189"
"2014","2001597","0.9067940033383189"
"88","2000410","0.9067940033383189"
"12208","2002257","0.9067940033383189"
"3110","2008685","0.9067940033383189"
"16616","2005043","0.9067940033383189"
"3898","2005251","0.9067940033383189"
"3826","2002266","0.9067940033383189"
"6396","2005933","0.9067940033383189"
"263","2003081","0.9067940033383189"
"2775","2002697","0.9067940033383189"
"11380","2007052","0.9067940033383189"
"3115","2009067","0.9067940033383189"
"27","2006306","0.9067940033383189"
"7551","2003016","0.9067940033383189"
"1982","2006266","0.9067940033383189"
"4361","2004797","0.9067940033383189"
"2708","2004873","0.9067940033383189"
"2596","2002862","0.9067940033383189"
"5895","2001990","0.9067940033383189"
"8464","2001164","0.9067940033383189"
"1393","2002618","0.9067940033383189"
"3250","2006802","0.9067940033383189"
"294","2007865","0.9067940033383189"
"145","2002208","0.9067940033383189"
"2012","2007825","0.9067940033383189"
"6478","2005984","0.9067940033383189"
"1881","2008161","0.9067940033383189"
"3279","2007408","0.9067940033383189"
"14","2001994","0.9067940033383189"
"4001","2006684","0.9067940033383189"
"3491","2003543","0.9067940033383189"
"74","2006010","0.9067940033383189"
"425","2001027","0.9067940033383189"
"7447","2007824","0.9067940033383189"
"1015","2001316","0.9067940033383189"
"683","2006580","0.9067940033383189"
"3241","2003010","0.9067940033383189"
"606","2004194","0.9067940033383189"
"11239","2008195","0.9067940033383189"
"4190","2008679","0.9067940033383189"
"907","2005575","0.9067940033383189"
"1387","2006349","0.9067940033383189"
"2832","2007971","0.9067940033383189"
"3343","2008361","0.9067940033383189"
"10816","2005705","0.9067940033383189"
"9902","2000081","0.9067940033383189"
"11073","2000211","0.9067940033383189"
"9218","2006473","0.9067940033383189"
"877","2003842","0.9067940033383189"
"11349","2007718","0.9067940033383189"
"8115","2005296","0.9067940033383189"
"10152","2008276","0.9067940033383189"
"4278","2000759","0.9067940033383189"
"1841","2003686","0.9067940033383189"
"10542","2007262","0.9067940033383189"
"2969","2008257","0.9067940033383189"
"1197","2006283","0.9067940033383189"
"1793","2000457","0.9067940033383189"
"976","2000581","0.91"
"6","2002348","0.9067940033383189"
"7041","2006497","0.9067940033383189"
"1643","2005204","0.9067940033383189"
"4078","2008408","0.9067940033383189"
"11711","2004626","0.9067940033383189"
"348","2000229","0.9067940033383189"
"4993","2003034","0.9067940033383189"
"4103","2002171","0.9067940033383189"
"14465","2005044","0.9067940033383189"
"7403","2003408","0.9067940033383189"
"1776","2000590","0.9067940033383189"
"1224","2003996","0.9"
"7242","2004326","0.979107142857143"
"1928","2006614","0.9067940033383189"
"6648","2007078","0.9067940033383189"
"11128","2005866","0.9067940033383189"
"2399","2000458","0.9067940033383189"
"4056","2000206","0.9067940033383189"
"980","2002454","0.9067940033383189"
"2703","2004368","1.0"
"3230","2001008","0.9067940033383189"
"3488","2004329","0.9067940033383189"
"3519","2004553","0.9067940033383189"
"3305","2008490","0.9067940033383189"
"6296","2003004","0.9067940033383189"
"14223","2004657","0.9067940033383189"
"5814","2007130","0.9067940033383189"
"304","2002698","0.9067940033383189"
"4723","2008058","0.9067940033383189"
"1292","2003218","0.9067940033383189"
"218","2005166","0.9067940033383189"
"1043","2002542","0.9067940033383189"
"270","2006793","0.9067940033383189"
"11183","2007888","0.9067940033383189"
"5089","2001477","0.9067940033383189"
"7429","2002319","0.9067940033383189"
"5556","2000313","0.9067940033383189"
"674","2008112","0.9067940033383189"
"5099","2001804","0.9067940033383189"
"2603","2006315","0.9067940033383189"
"9141","2007375","0.9067940033383189"
"3894","2005621","0.9067940033383189"
"401","2005266","0.9067940033383189"
"10383","2000905","0.9067940033383189"
"7062","2004722","0.9"
"8300","2007635","0.9067940033383189"
"13709","2008033","0.9067940033383189"
"6931","2008159","0.9067940033383189"
"3134","2005846","0.9067940033383189"
"657","2008999","0.9067940033383189"
"4862","2001488","0.9067940033383189"
"5231","2001772","0.9067940033383189"
"3801","2007611","0.9067940033383189"
"1997","2002569","0.9067940033383189"
"1300","2008952","0.9067940033383189"
"7121","2006626","0.9067940033383189"
"1131","2004725","0.9067940033383189"
"8660","2003364","0.9067940033383189"
"681","2007563","0.9067940033383189"
"9439","2001476","0.9067940033383189"
"11838","2002877","0.9067940033383189"
"3977","2002406","0.9067940033383189"
"1331","2000812","0.9067940033383189"
"6310","2002966","0.9067940033383189"
"2947","2007322","0.92"
"9002","2007313","0.9918781730685207"
"611","2005245","0.9067940033383189"
"5329","2003129","0.9067940033383189"
"5724","2005314","0.9067940033383189"
"3740","2006514","0.9067940033383189"
"5134","2003527","0.9067940033383189"
"9184","2000660","0.9067940033383189"
"310","2007723","0.9067940033383189"
"4700","2001171","0.9067940033383189"
"8787","2005501","0.9067940033383189"
"5398","2006138","0.9067940033383189"
"11001","2005805","0.9067940033383189"
"9573","2001873","0.9067940033383189"
"3604","2008455","0.9067940033383189"
"1616","2004984","0.9067940033383189"
"3398","2001271","0.9067940033383189"
"3937","2001630","0.9067940033383189"
"2174","2000050","0.9067940033383189"
"2981","2003189","0.9067940033383189"
"4861","2004219","0.9067940033383189"
"396","2002553","0.9067940033383189"
"3774","2000493","0.9"
"2887","2002457","0.9067940033383189"
"2075","2001222","0.9067940033383189"
"2108","2004541","0.9067940033383189"
"2200","2008498","0.9067940033383189"
"1491","2007260","0.9067940033383189"
"6620","2005426","0.9915407109191857"
"2042","2004343","0.9067940033383189"
"7874","2001338","0.9067940033383189"
"6851","2001091","0.9067940033383189"
"4279","2005819","0.979107142857143"
"3026","2000378","0.9067940033383189"
"6269","2006991","0.9067940033383189"
"874","2004647","0.9067940033383189"
"1116","2001129","0.9067940033383189"
"9328","2005707","0.9067940033383189"
"4211","2004245","0.9067940033383189"
"5922","2007175","0.9067940033383189"
"5841","2005532","0.9067940033383189"
"5672","2000522","0.9067940033383189"
"1369","2005150","0.9067940033383189"
"1979","2008973","0.9067940033383189"
"10377","2008091","0.9067940033383189"
"7208","2000071","0.9067940033383189"
"5802","2007003","0.9067940033383189"
"189","2006386","0.9067940033383189"
"10598","2003076","0.9067940033383189"
"1428","2008468","0.9067940033383189"
"5840","2002525","0.9067940033383189"
"1486","2006795","0.9067940033383189"
"621","2005112","0.9067940033383189"
"2967","2005453","0.9067940033383189"
"5836","2002160","0.9067940033383189"
"360","2001020","0.9067940033383189"
"1143","2000581","0.9178995257127439"
"11704","2000090","0.9067940033383189"
"2009","2004675","0.9067940033383189"
"7816","2001043","0.9067940033383189"
"1327","2008103","0.9067940033383189"
"10289","2004964","0.9067940033383189"
"83","2004410","0.9067940033383189"
"9501","2004923","0.9067940033383189"
"7063","2006146","0.9067940033383189"
"259","2000321","0.9067940033383189"
"3919","2002704","0.9067940033383189"
"123","2002842","0.9067940033383189"
"1767","2005406","0.9067940033383189"
"10420","2004116","0.9067940033383189"
"398","2001320","0.9067940033383189"
"36","2005466","0.9067940033383189"
"5554","2001227","0.9067940033383189"
"6254","2002192","0.9067940033383189"
"1854","2008139","0.9067940033383189"
"6615","2003261","0.9067940033383189"
"7276","2003349","0.9067940033383189"
"1999","2005852","0.9067940033383189"
"3744","2000549","0.9067940033383189"
"11318","2002915","0.9067940033383189"
"8157","2007601","0.9067940033383189"
"7558","2002361","0.91"
"5956","2000887","0.9067940033383189"
"5312","2002055","0.9067940033383189"
"4879","2006806","0.9067940033383189"
"309","2003806","0.9067940033383189"
"242","2000651","0.9067940033383189"
"2766","2008391","0.9067940033383189"
"7082","2003445","0.979107142857143"
"11993","2008398","0.99"
"15908","2007998","0.9067940033383189"
"4440","2003775","0.9067940033383189"
"8117","2000519","0.9067940033383189"
"4435","2004678","0.9067940033383189"
"9998","2008248","0.9067940033383189"
"3155","2008974","0.9067940033383189"
"1908","2006188","0.9067940033383189"
"956","2008338","0.9067940033383189"
"7875","2006870","0.9067940033383189"
"9645","2007732","0.9067940033383189"
"97","2000856","0.9067940033383189"
"6766","2008900","0.9067940033383189"
"9104","2003258","0.979107142857143"
"1293","2005929","0.9067940033383189"
"3571","2002155","0.9067940033383189"
"3323","2001471","0.9067940033383189"
"225","2007010","0.9"
"466","2006938","0.9067940033383189"
"7085","2004847","0.9067940033383189"
"7482","2008981","0.9067940033383189"
"9398","2006890","0.9067940033383189"
"2161","2001493","0.9067940033383189"
"644","2006062","0.9067940033383189"
"8223","2001537","0.9067940033383189"
"6133","2003763","0.9067940033383189"
"4323","2008975","0.9067940033383189"
"3993","2007017","0.9067940033383189"
"10124","2001113","0.9067940033383189"
"12623","2001376","0.9067940033383189"
"1733","2007668","0.9067940033383189"
"735","2000232","0.9067940033383189"
"5820","2007786","0.9067940033383189"
"7486","2003997","0.9067940033383189"
"1692","2008001","0.9067940033383189"
"899","2003226","0.9067940033383189"
"930","2003841","0.9067940033383189"
"354","2001489","0.9067940033383189"
"983","2006823","0.94"
"2080","2004761","0.9067940033383189"
"988","2001698","0.9067940033383189"
"3133","2006383","0.9067940033383189"
"2984","2009044","0.9067940033383189"
"6850","2008245","0.9067940033383189"
"635","2001527","0.9067940033383189"
"11745","2003264","0.9067940033383189"
"9680","2001152","0.9067940033383189"
"14577","2003774","0.9067940033383189"
"3195","2002631","0.9067940033383189"
"2713","2000943","0.9067940033383189"
"7318","2005905","0.9067940033383189"
"6303","2006265","0.9067940033383189"
"15","2006374","0.9067940033383189"
"6907","2002642","0.9067940033383189"
"8997","2001676","0.91"
"52","2003790","0.9067940033383189"
"6469","2002386","0.9067940033383189"
"24","2007944","0.9067940033383189"
"8697","2004644","0.9067940033383189"
"79","2007936","0.9067940033383189"
"16345","2004170","0.9067940033383189"
"256","2002912","0.9067940033383189"
"5377","2000579","0.9067940033383189"
"913","2002538","1.0"
"2682","2008055","0.9067940033383189"
"9896","2006031","0.9067940033383189"
"1073","2008905","0.9067940033383189"
"2922","2003277","0.9067940033383189"
"2776","2003354","0.9067940033383189"
"1623","2005987","0.9067940033383189"
"9240","2006850","0.9067940033383189"
"8054","2000282","0.9067940033383189"
"4249","2003745","0.9067940033383189"
"3000","2004813","0.9067940033383189"
"1388","2001666","0.9067940033383189"
"6783","2008931","0.9067940033383189"
"1181","2007219","0.9067940033383189"
"1070","2009013","0.9067940033383189"
"13938","2008312","0.9067940033383189"
"2026","2008736","0.9067940033383189"
"1985","2006398","0.9067940033383189"
"654","2001254","0.9067940033383189"
"2173","2005050","0.9067940033383189"
"4829","2002547","0.9067940033383189"
"1748","2007119","0.9391071428571429"
"361","2004418","0.9067940033383189"
"5801","2004406","0.9067940033383189"
"10724","2000496","0.9067940033383189"
"45","2004572","0.9067940033383189"
"10934","2005878","0.9067940033383189"
"13299","2002124","0.9067940033383189"
"1757","2003217","0.9067940033383189"
"349","2000980","0.9067940033383189"
"1046","2000790","0.9067940033383189"
"3822","2007231","0.9067940033383189"
"3385","2008521","0.9067940033383189"
"6997","2002399","0.9067940033383189"
"5828","2006298","0.9067940033383189"
"8829","2002657","0.9067940033383189"
"4142","2002916","0.9067940033383189"
"5584","2005039","0.9067940033383189"
"1324","2003158","0.9067940033383189"
"3916","2001381","0.9067940033383189"
"914","2003870","0.9067940033383189"
"5093","2005482","0.9067940033383189"
"1336","2003000","0.9067940033383189"
"3935","2000400","0.9067940033383189"
"15298","2003596","0.9067940033383189"
"3957","2008942","0.9067940033383189"
"3947","2008381","0.9067940033383189"
"1143","2000567","0.92"
"4528","2005202","0.9067940033383189"
"1212","2005909","0.9067940033383189"
"619","2007579","0.9067940033383189"
"591","2002033","0.9067940033383189"
"1514","2007255","0.9067940033383189"
"14642","2008527","0.9067940033383189"
"6456","2004235","0.9067940033383189"
"9455","2002430","0.9918781730685207"
"1454","2000007","0.9067940033383189"
"2319","2007114","0.9067940033383189"
"12156","2006115","0.9067940033383189"
"1181","2007502","0.9067940033383189"
"8664","2008613","0.9067940033383189"
"4159","2007066","0.9067940033383189"
"14906","2002632","0.9067940033383189"
"5580","2007250","0.9067940033383189"
"7779","2002229","0.9067940033383189"
"612","2001796","0.9067940033383189"
"16222","2001930","0.9067940033383189"
"357","2004608","0.9067940033383189"
"181","2004281","0.9067940033383189"
"12","2008584","0.9067940033383189"
"3645","2001952","0.9067940033383189"
"2066","2001099","0.9067940033383189"
"249","2000340","0.9067940033383189"
"3531","2008283","0.9067940033383189"
"9808","2002844","0.9067940033383189"
"4901","2001208","0.9067940033383189"
"9797","2002339","0.9067940033383189"
"4302","2000394","0.9067940033383189"
"2874","2002622","0.9067940033383189"
"172","2003348","0.9067940033383189"
"12642","2006407","0.9067940033383189"
"862","2004495","0.9067940033383189"
"1469","2004200","0.9067940033383189"
"3297","2006485","0.9067940033383189"
"2499","2003617","0.9067940033383189"
"8386","2001281","0.9067940033383189"
"1445","2000112","0.9067940033383189"
"7038","2008018","0.9067940033383189"
"1751","2000571","1.0"
"1627","2007810","0.9067940033383189"
"5710","2000748","0.9067940033383189"
"938","2000397","0.9067940033383189"
"5031","2005831","0.9067940033383189"
"5316","2005019","0.9067940033383189"
"803","2004462","0.9067940033383189"
"7995","2006999","0.9067940033383189"
"410","2003748","0.9067940033383189"
"7417","2008119","0.9067940033383189"
"1624","2005847","0.9067940033383189"
"6320","2006541","0.91"
"6489","2003825","0.9067940033383189"
"372","2004006","0.9067940033383189"
"2336","2006925","0.9067940033383189"
"2172","2002168","0.9067940033383189"
"1019","2007630","0.9067940033383189"
"4033","2002906","0.9067940033383189"
"12298","2007428","0.9067940033383189"
"1122","2006852","0.9067940033383189"
"1023","2006645","0.9067940033383189"
"203","2004581","0.9067940033383189"
"7459","2008178","0.9067940033383189"
"2610","2000566","0.9067940033383189"
"9222","2007089","0.9067940033383189"
"856","2004883","0.9067940033383189"
"3573","2006660","0.9067940033383189"
"2435","2004624","0.9067940033383189"
"12395","2002740","0.9067940033383189"
"3208","2001287","0.9067940033383189"
"6310","2002964","0.9"
"2742","2003658","0.9067940033383189"
"9888","2002244","0.9067940033383189"
"9236","2004566","0.9067940033383189"
"8370","2008374","0.9067940033383189"
"5645","2004594","0.9067940033383189"
"5995","2007734","0.9067940033383189"
"6292","2009030","0.9067940033383189"
"12939","2004821","0.9067940033383189"
"7180","2007993","0.9067940033383189"
"1683","2008593","0.9067940033383189"
"1086","2007617","0.9067940033383189"
"1021","2005341","0.9067940033383189"
"3787","2006922","0.9067940033383189"
"6520","2005726","0.9067940033383189"
"796","2007321","0.9067940033383189"
"3480","2001296","0.9067940033383189"
"200","2003435","0.9067940033383189"
"1357","2006797","0.9067940033383189"
"7823","2002727","0.9"
"12956","2001925","0.9067940033383189"
"4283","2003317","0.9067940033383189"
"5219","2005038","0.9067940033383189"
"5794","2006638","0.9067940033383189"
"11454","2002523","0.9067940033383189"
"3125","2006775","0.9067940033383189"
"3728","2005757","0.9067940033383189"
"1286","2005258","0.9067940033383189"
"14534","2006874","0.9067940033383189"
"648","2005823","0.9067940033383189"
"1033","2002243","0.9067940033383189"
"147","2008097","0.91"
"622","2009055","0.9067940033383189"
"15417","2003725","0.9067940033383189"
"616","2005617","0.9067940033383189"
"3418","2007338","0.9067940033383189"
"1430","2007111","0.9067940033383189"
"8109","2002962","0.9067940033383189"
"1305","2002415","0.9067940033383189"
"3816","2005624","0.979107142857143"
"13507","2008976","0.9067940033383189"
"2467","2005450","0.9067940033383189"
"6689","2007245","0.9067940033383189"
"138","2004369","1.0"
"473","2006224","0.9067940033383189"
"1465","2001659","0.9067940033383189"
"204","2004741","0.9067940033383189"
"7709","2004189","0.9067940033383189"
"2211","2006126","0.9"
"7279","2005758","0.9067940033383189"
"6207","2002205","0.9067940033383189"
"7428","2004469","0.92"
"3084","2004508","0.9067940033383189"
"56","2005014","0.9067940033383189"
"4455","2002815","0.9067940033383189"
"8407","2004606","0.9067940033383189"
"3295","2006988","0.9067940033383189"
"807","2003465","0.9067940033383189"
"34","2007075","0.9067940033383189"
"1419","2003645","0.9067940033383189"
"1254","2002808","0.9067940033383189"
"1504","2000436","0.9067940033383189"
"11946","2001245","0.9067940033383189"
"1593","2005721","0.9067940033383189"
"104","2001082","0.9067940033383189"
"659","2003835","0.9067940033383189"
"3624","2006519","0.9067940033383189"
"5742","2007907","0.9067940033383189"
"8938","2005811","0.9067940033383189"
"8601","2008099","0.9067940033383189"
"8233","2000913","0.9067940033383189"
"6193","2007879","0.9067940033383189"
"241","2000630","0.9067940033383189"
"11467","2003721","0.9067940033383189"
"17461","2008218","0.9067940033383189"
"824","2007251","0.9067940033383189"
"3930","2000447","0.9067940033383189"
"1340","2004667","0.9067940033383189"
"1999","2005367","0.9067940033383189"
"8495","2000925","0.9067940033383189"
"3669","2007882","0.9067940033383189"
"3871","2007645","0.9067940033383189"
"9203","2008533","0.9067940033383189"
"2650","2005682","0.9067940033383189"
"14708","2007182","0.91"
"193","2007942","0.9067940033383189"
"4130","2005882","0.9067940033383189"
"11026","2002217","0.9067940033383189"
"5241","2001366","0.9067940033383189"
"705","2000871","0.9067940033383189"
"1240","2000308","0.9067940033383189"
"630","2005557","0.9067940033383189"
"7036","2005755","0.9067940033383189"
"8637","2000947","0.9067940033383189"
"2695","2003117","0.9"
"4949","2005322","0.9067940033383189"
"10165","2000855","0.9067940033383189"
"605","2006405","0.9067940033383189"
"4129","2006262","0.9067940033383189"
"12960","2000950","0.9067940033383189"
"245","2004496","0.9067940033383189"
"2231","2008482","0.9067940033383189"
"4863","2001223","0.9067940033383189"
"11719","2001752","0.9067940033383189"
"2303","2000783","0.9396984771895842"
"5679","2007090","0.9067940033383189"
"7000","2000089","0.9067940033383189"
"3391","2007019","0.9067940033383189"
"7857","2007063","0.9067940033383189"
"8267","2003925","1.0"
"4763","2007349","0.9067940033383189"
"2423","2003510","0.9067940033383189"
"4429","2009034","0.9067940033383189"
"2921","2005691","0.9067940033383189"
"4756","2003005","0.9067940033383189"
"4164","2000769","0.9067940033383189"
"5623","2006642","0.9067940033383189"
"6229","2002567","0.9067940033383189"
"6241","2001108","0.9067940033383189"
"1032","2007458","0.9067940033383189"
"42","2003144","0.9067940033383189"
"1020","2004317","0.9067940033383189"
"1352","2008024","0.9067940033383189"
"2001","2008466","0.9067940033383189"
"6349","2004133","0.9067940033383189"
"10187","2003059","0.9067940033383189"
"7004","2008962","0.9067940033383189"
"1735","2005100","0.9067940033383189"
"252","2003772","0.9067940033383189"
"3721","2001298","0.9067940033383189"
"896","2005727","0.9067940033383189"
"1449","2003595","0.9067940033383189"
"7489","2000979","0.9067940033383189"
"8","2005235","0.9067940033383189"
"4213","2006277","0.9067940033383189"
"3239","2001048","0.9067940033383189"
"1067","2002035","0.9067940033383189"
"14879","2007828","0.9067940033383189"
"3655","2008069","0.9067940033383189"
"521","2006388","0.9067940033383189"
"5169","2005958","0.9067940033383189"
"4376","2005910","0.9067940033383189"
"3937","2001644","1.0"
"1772","2007796","0.9067940033383189"
"3414","2007274","0.9067940033383189"
"5839","2005920","0.9067940033383189"
"3421","2007962","0.9067940033383189"
"790","2000352","0.9067940033383189"
"4282","2001594","0.9067940033383189"
"1883","2005694","0.9"
"183","2004169","0.9067940033383189"
"167","2000534","0.9067940033383189"
"4229","2001026","0.9067940033383189"
"1702","2006211","0.9067940033383189"
"11037","2005794","0.9"
"6131","2003544","0.9067940033383189"
"4678","2003092","0.9067940033383189"
"11017","2007421","0.9067940033383189"
"1567","2006101","0.9067940033383189"
"7924","2003697","0.9067940033383189"
"8661","2001583","0.9067940033383189"
"8020","2004686","0.9067940033383189"
"93","2008893","0.9067940033383189"
"237","2005344","0.9067940033383189"
"1204","2002699","0.9067940033383189"
"4406","2006961","0.9067940033383189"
"1966","2002783","0.9067940033383189"
"8352","2008155","0.9067940033383189"
"3131","2000787","0.9067940033383189"
"186","2002712","0.9067940033383189"
"36","2005461","0.91"
"1103","2002285","0.9067940033383189"
"996","2001006","0.9067940033383189"
"7650","2008617","0.9067940033383189"
"10503","2004612","0.9067940033383189"
"2292","2005144","0.9067940033383189"
"714","2002606","0.9067940033383189"
"2373","2000263","0.9067940033383189"
"3797","2001870","0.9067940033383189"
"2389","2007845","0.9067940033383189"
"7631","2004590","0.9067940033383189"
"4618","2006425","0.9067940033383189"
"5030","2008209","0.9067940033383189"
"3964","2001431","0.9067940033383189"
"2470","2007547","0.9"
"1424","2008658","0.9067940033383189"
"1275","2005656","0.9067940033383189"
"9093","2006526","0.9067940033383189"
"4314","2001577","0.9067940033383189"
"3815","2001014","0.9067940033383189"
"791","2002176","0.9067940033383189"
"11210","2005568","0.9067940033383189"
"7062","2004694","0.92"
"3454","2006936","0.9067940033383189"
"5137","2004966","0.9067940033383189"
"5040","2003843","0.9067940033383189"
"589","2005994","0.9067940033383189"
"3690","2005752","0.9067940033383189"
"4622","2008669","0.9067940033383189"
"15514","2002057","0.9067940033383189"
"4401","2001888","0.9067940033383189"
"2711","2007271","0.9067940033383189"
"4346","2001694","0.9067940033383189"
"2320","2001195","0.9067940033383189"
"9197","2006532","0.9067940033383189"
"4337","2000963","0.9067940033383189"
"2313","2000846","0.9067940033383189"
"3972","2006662","1.0"
"1968","2007141","0.9067940033383189"
"11642","2008550","0.9067940033383189"
"2274","2003001","0.9067940033383189"
"14142","2002268","0.9067940033383189"
"2923","2008809","0.9067940033383189"
"520","2000782","0.9067940033383189"
"2591","2002327","0.9067940033383189"
"9840","2005369","0.9"
"1159","2004379","0.9067940033383189"
"5651","2002492","0.9067940033383189"
"6281","2008148","0.9067940033383189"
"719","2004101","0.9067940033383189"
"2597","2005207","0.9067940033383189"
"3259","2001042","0.9067940033383189"
"439","2003116","0.9067940033383189"
"10832","2005136","0.9067940033383189"
"14124","2005614","0.9067940033383189"
"4900","2004615","0.9067940033383189"
"9324","2006300","0.9067940033383189"
"2673","2008832","0.9067940033383189"
"3112","2007612","0.9067940033383189"
"890","2008208","0.9067940033383189"
"3708","2003586","0.9067940033383189"
"5136","2002010","0.9067940033383189"
"793","2006571","0.9067940033383189"
"827","2007794","0.9067940033383189"
"12968","2007834","0.9067940033383189"
"3511","2002318","0.9067940033383189"
"973","2001692","0.9067940033383189"
"6660","2001262","0.9067940033383189"
"1663","2003411","0.9067940033383189"
"3735","2003019","0.9067940033383189"
"6122","2008790","0.9067940033383189"
"4254","2006597","0.9067940033383189"
"9225","2006116","0.9067940033383189"
"1202","2004481","0.9067940033383189"
"1838","2005919","0.9067940033383189"
"13325","2001255","0.9067940033383189"
"9347","2003436","0.9067940033383189"
"6123","2001250","0.9067940033383189"
"4593","2006847","0.9067940033383189"
"2691","2007532","0.9067940033383189"
"12473","2008118","0.9067940033383189"
"9506","2003880","0.9067940033383189"
"1245","2007050","0.9067940033383189"
"13647","2005643","0.9067940033383189"
"672","2003677","0.9067940033383189"
"14509","2004209","0.9067940033383189"
"8356","2001506","0.9067940033383189"
"555","2008160","0.9067940033383189"
"7704","2005812","0.9067940033383189"
"6789","2003238","0.9067940033383189"
"1814","2007080","0.9067940033383189"
"3960","2005037","0.9067940033383189"
"5196","2001359","0.9067940033383189"
"153","2000582","0.9067940033383189"
"5936","2004839","0.9067940033383189"
"5806","2008057","0.9067940033383189"
"6830","2007632","0.9067940033383189"
"924","2004610","0.9067940033383189"
"44","2005960","0.9067940033383189"
"3429","2004102","0.9067940033383189"
"3249","2003562","0.9067940033383189"
"1049","2005447","0.9067940033383189"
"7628","2000393","0.9067940033383189"
"12677","2000339","0.9067940033383189"
"7825","2008294","0.9067940033383189"
"182","2008146","0.9067940033383189"
"9025","2007863","0.9067940033383189"
"3783","2007252","0.9067940033383189"
"297","2004273","0.9067940033383189"
"776","2009007","0.9067940033383189"
"5916","2001406","0.9067940033383189"
"4701","2007858","0.9067940033383189"
"3200","2002368","0.9067940033383189"
"6527","2000689","0.9067940033383189"
"3076","2003412","0.9067940033383189"
"8484","2007210","0.9067940033383189"
"577","2000025","0.9067940033383189"
"2621","2000178","0.9067940033383189"
"3407","2007237","0.9067940033383189"
"6323","2004286","0.9067940033383189"
"4141","2008496","0.9067940033383189"
"4945","2007494","0.9067940033383189"
"5345","2007123","0.9067940033383189"
"6906","2007658","0.9067940033383189"
"12708","2001864","0.9067940033383189"
"373","2000469","0.9067940033383189"
"2482","2001621","0.9067940033383189"
"3845","2000767","0.9067940033383189"
"6233","2000813","0.9067940033383189"
"7834","2004447","0.9067940033383189"
"6148","2008988","0.9067940033383189"
"810","2001221","0.9067940033383189"
"2804","2001219","0.9067940033383189"
"1121","2004559","0.9067940033383189"
"32","2001452","0.9067940033383189"
"6961","2005215","0.9067940033383189"
"11267","2008477","0.9067940033383189"
"7696","2005733","0.9067940033383189"
"8698","2008430","0.9067940033383189"
"1606","2007147","0.9067940033383189"
"1207","2006521","0.9067940033383189"
"7917","2005283","0.9067940033383189"
"6837","2008623","0.9067940033383189"
"12140","2001001","0.9067940033383189"
"4046","2006673","0.9067940033383189"
"12961","2005923","0.9067940033383189"
"10","2003783","0.9067940033383189"
"2712","2000669","0.9067940033383189"
"10805","2001231","0.9067940033383189"
"8571","2001134","0.9067940033383189"
"2908","2001852","0.9067940033383189"
"1546","2002472","0.9067940033383189"
"6698","2005265","0.9067940033383189"
"3989","2002554","0.9067940033383189"
"1980","2008041","0.9067940033383189"
"4752","2006609","0.92108078321732"
"7113","2008747","0.9067940033383189"
"6155","2003479","0.9067940033383189"
"1515","2000915","0.9067940033383189"
"1861","2001073","0.9067940033383189"
"4291","2001063","0.9"
"9548","2006533","0.9067940033383189"
"2393","2008334","0.9067940033383189"
"295","2005669","0.9067940033383189"
"9818","2009041","0.9067940033383189"
"2843","2003691","0.9067940033383189"
"2018","2008941","0.9067940033383189"
"12808","2006154","0.9067940033383189"
"4480","2002206","0.9067940033383189"
"4358","2006181","0.9067940033383189"
"3593","2007766","0.9067940033383189"
"14477","2008560","0.9067940033383189"
"1648","2002910","0.9067940033383189"
"4331","2003812","0.9067940033383189"
"408","2007194","0.9067940033383189"
"6194","2002156","0.9067940033383189"
"6482","2005821","0.92"
"1223","2000040","0.9067940033383189"
"6147","2006320","0.9067940033383189"
"6366","2007953","0.9067940033383189"
"2355","2002600","0.9067940033383189"
"2446","2006756","0.9067940033383189"
"6362","2000740","0.9067940033383189"
"392","2004756","0.9067940033383189"
"6841","2001019","0.9067940033383189"
"5538","2004216","0.9067940033383189"
"6013","2006864","0.9067940033383189"
"146","2004205","0.9067940033383189"
"873","2003451","0.9067940033383189"
"1368","2003342","0.9067940033383189"
"1282","2005278","0.9067940033383189"
"11409","2007061","0.9067940033383189"
"8590","2002755","0.9067940033383189"
"1888","2004247","0.9067940033383189"
"7883","2001658","0.9067940033383189"
"2451","2002730","0.9067940033383189"
"1332","2000255","0.9067940033383189"
"11819","2001070","0.9067940033383189"
"725","2002484","0.9067940033383189"
"8434","2003627","0.9067940033383189"
"8081","2007067","0.9067940033383189"
"22","2002370","0.9067940033383189"
"7822","2000554","0.9067940033383189"
"2102","2002476","0.9067940033383189"
"953","2000664","0.9067940033383189"
"6345","2006910","0.9067940033383189"
"4106","2008634","0.9067940033383189"
"4183","2000163","0.9067940033383189"
"504","2007889","0.9067940033383189"
"480","2005226","0.9067940033383189"
"2593","2008439","0.9067940033383189"
"1850","2008107","0.9067940033383189"
"8095","2000749","0.9067940033383189"
"2840","2008324","0.9067940033383189"
"1526","2006019","0.9067940033383189"
"9446","2005306","0.9067940033383189"
"1842","2003998","0.9067940033383189"
"2500","2005386","0.9067940033383189"
"1326","2007003","0.9665006619286511"
"1511","2005276","0.9067940033383189"
"1063","2006523","0.9067940033383189"
"12333","2005247","0.9067940033383189"
"4529","2006432","0.9067940033383189"
"6175","2007053","0.9067940033383189"
"3793","2007716","0.9067940033383189"
"1004","2005962","0.9067940033383189"
"5420","2007348","0.9067940033383189"
"467","2003665","0.9067940033383189"
"6143","2002748","0.9067940033383189"
"73","2006257","0.9067940033383189"
"49","2001529","0.9067940033383189"
"6137","2001270","0.9067940033383189"
"65","2000366","0.9067940033383189"
"990","2008544","0.9067940033383189"
"10793","2004241","0.9067940033383189"
"9934","2000883","0.9067940033383189"
"702","2007112","0.9067940033383189"
"1824","2002191","0.9067940033383189"
"6856","2005141","0.9067940033383189"
"1626","2001797","0.9067940033383189"
"4357","2007199","0.9067940033383189"
"2996","2004451","0.9067940033383189"
"1099","2003900","0.9067940033383189"
"3306","2001820","0.9067940033383189"
"10553","2000328","0.9067940033383189"
"4803","2006336","0.9067940033383189"
"2139","2005488","0.9067940033383189"
"5142","2004238","0.9067940033383189"
"2756","2008965","0.9067940033383189"
"10217","2005097","0.9067940033383189"
"3244","2005366","0.9067940033383189"
"3847","2008176","0.9067940033383189"
"3668","2008332","0.9067940033383189"
"1415","2008145","0.9067940033383189"
"8483","2007829","1.0"
"9708","2002568","0.9067940033383189"
"3206","2008709","0.9067940033383189"
"7228","2004324","0.9067940033383189"
"114","2000899","0.9067940033383189"
"459","2008315","0.9067940033383189"
"3267","2000806","0.9067940033383189"
"6242","2006368","0.9067940033383189"
"1011","2003849","0.9067940033383189"
"11922","2004804","0.9067940033383189"
"3920","2005715","0.98"
"6391","2007966","0.9067940033383189"
"284","2006999","0.9"
"16503","2000984","0.9067940033383189"
"6265","2000647","0.9067940033383189"
"915","2004331","0.9067940033383189"
"7393","2004129","0.9915407109191857"
"3508","2001149","0.9067940033383189"
"4933","2004412","0.9067940033383189"
"587","2000774","0.9067940033383189"
"10595","2000739","0.9067940033383189"
"2607","2007986","0.9067940033383189"
"1975","2005873","0.9067940033383189"
"4031","2003600","0.9067940033383189"
"894","2007522","0.9067940033383189"
"284","2006998","0.92"
"4224","2008933","0.9067940033383189"
"1611","2004502","0.9067940033383189"
"406","2005383","0.9067940033383189"
"2539","2007545","0.9067940033383189"
"653","2001743","0.9067940033383189"
"2827","2002179","0.9067940033383189"
"2122","2006861","0.9067940033383189"
"2603","2006316","0.9"
"607","2007838","0.9067940033383189"
"2429","2005399","0.9067940033383189"
"7158","2000342","0.9067940033383189"
"5102","2003897","0.9067940033383189"
"199","2003528","0.9591071428571429"
"863","2002640","0.9067940033383189"
"8028","2003399","0.9067940033383189"
"15112","2006310","0.91"
"7813","2003673","0.9067940033383189"
"9702","2005803","0.9067940033383189"
"8097","2008951","0.9067940033383189"
"5979","2001168","0.9067940033383189"
"4288","2001905","0.9067940033383189"
"475","2006498","0.9067940033383189"
"1544","2008404","0.9067940033383189"
"4852","2007869","0.9067940033383189"
"11378","2004132","0.9067940033383189"
"5516","2001683","0.9067940033383189"
"6093","2004228","0.9067940033383189"
"5751","2002690","0.9067940033383189"
"1072","2002701","0.9067940033383189"
"9715","2008864","0.9067940033383189"
"1206","2006451","0.9067940033383189"
"4886","2001885","0.9067940033383189"
"152","2000278","0.99"
"4564","2004692","0.9067940033383189"
"5348","2008970","0.9067940033383189"
"48","2007555","0.9067940033383189"
"6750","2007727","0.9067940033383189"
"5079","2001643","0.9067940033383189"
"3256","2007084","0.9067940033383189"
"5665","2002092","0.9067940033383189"
"2307","2006771","0.9067940033383189"
"1745","2004115","0.9067940033383189"
"1582","2006776","0.9067940033383189"
"4543","2008394","0.9067940033383189"
"1666","2003070","0.9067940033383189"
"2765","2006723","0.9067940033383189"
"214","2007648","0.9067940033383189"
"4671","2006207","0.9067940033383189"
"3492","2002732","0.9067940033383189"
"1365","2007960","0.9067940033383189"
"8925","2003910","0.9067940033383189"
"11590","2005581","0.9067940033383189"
"5000","2008379","0.9067940033383189"
"4935","2005026","0.9067940033383189"
"4826","2008992","0.9067940033383189"
"6801","2007987","0.9067940033383189"
"177","2005791","0.9067940033383189"
"2864","2007886","0.9067940033383189"
"13466","2003345","0.9067940033383189"
"6793","2007974","0.9067940033383189"
"463","2008546","0.9067940033383189"
"3582","2001066","0.9067940033383189"
"887","2007662","0.9067940033383189"
"3990","2008491","0.9067940033383189"
"6063","2003091","0.9067940033383189"
"5593","2002062","0.9067940033383189"
"963","2000297","0.9067940033383189"
"5605","2008493","0.9067940033383189"
"3983","2000059","0.9067940033383189"
"7407","2005064","0.9067940033383189"
"1477","2007106","0.9067940033383189"
"6892","2006816","0.9067940033383189"
"6443","2004175","0.9067940033383189"
"4748","2001239","0.9067940033383189"
"171","2007134","0.9067940033383189"
"11193","2005814","0.9067940033383189"
"4755","2000296","0.9067940033383189"
"1921","2001305","0.9067940033383189"
"6019","2003705","0.9067940033383189"
"8161","2005900","1.0"
"8889","2002971","0.9067940033383189"
"6232","2003548","0.9067940033383189"
"770","2002161","0.9067940033383189"
"4362","2008434","0.91"
"6811","2005045","0.9067940033383189"
"3838","2004029","0.9067940033383189"
"7426","2009060","0.9067940033383189"
"765","2005753","0.9067940033383189"
"2363","2003353","0.9067940033383189"
"1983","2007623","0.9067940033383189"
"212","2004456","0.9067940033383189"
"1084","2001354","0.9067940033383189"
"6570","2005353","0.9067940033383189"
"6548","2002733","0.9067940033383189"
"1744","2003095","0.9067940033383189"
"919","2008499","0.9067940033383189"
"3860","2006406","0.9067940033383189"
"1260","2007277","0.9067940033383189"
"1495","2008831","0.9067940033383189"
"7337","2000114","0.9067940033383189"
"9905","2001943","0.9067940033383189"
"2497","2007628","0.9067940033383189"
"121","2008856","0.9067940033383189"
"3378","2000386","0.9067940033383189"
"11338","2003672","0.9067940033383189"
"4313","2004518","0.9067940033383189"
"7210","2009018","0.9067940033383189"
"1173","2006552","0.9067940033383189"
"1335","2003961","0.9067940033383189"
"12004","2007988","0.9067940033383189"
"8603","2008063","0.9067940033383189"
"10916","2000318","0.9067940033383189"
"2667","2008215","0.9067940033383189"
"4315","2000509","0.9067940033383189"
"5737","2007803","0.9067940033383189"
"2334","2003370","0.9067940033383189"
"911","2003304","0.9067940033383189"
"5230","2004792","0.9067940033383189"
"4344","2007476","0.9067940033383189"
"8186","2001867","0.9067940033383189"
"1455","2002935","0.9067940033383189"
"879","2005723","0.9067940033383189"
"10525","2008886","0.9067940033383189"
"12075","2006344","0.9067940033383189"
"806","2006704","0.9067940033383189"
"1358","2003598","0.9067940033383189"
"529","2002194","0.9067940033383189"
"4457","2000500","0.9067940033383189"
"2351","2004853","0.9067940033383189"
"4012","2005587","0.9067940033383189"
"9460","2004962","0.9067940033383189"
"2841","2008457","0.9067940033383189"
"6914","2005806","0.9067940033383189"
"23","2005393","0.9067940033383189"
"548","2003865","0.9067940033383189"
"1768","2007376","0.9067940033383189"
"766","2007040","0.9067940033383189"
"3515","2006034","0.9067940033383189"
"8098","2001120","0.9067940033383189"
"6765","2001075","0.9067940033383189"
"76","2002745","0.9067940033383189"
"5367","2008717","0.9067940033383189"
"3232","2008711","0.9067940033383189"
"7044","2007615","0.9067940033383189"
"6313","2005884","0.9067940033383189"
"5975","2001518","0.9067940033383189"
"1091","2001865","0.9067940033383189"
"4874","2007306","0.9067940033383189"
"1349","2002963","0.9067940033383189"
"10083","2002151","0.9067940033383189"
"2394","2008866","0.92"
"1758","2005135","0.9067940033383189"
"8024","2004230","0.9067940033383189"
"7251","2002637","0.9067940033383189"
"7936","2002467","0.9067940033383189"
"1911","2007693","0.9067940033383189"
"870","2007280","0.9067940033383189"
"146","2004197","0.91"
"3494","2002079","0.9067940033383189"
"3074","2007238","0.9067940033383189"
"1236","2000219","0.9067940033383189"
"4466","2005609","0.9067940033383189"
"9170","2003890","0.9067940033383189"
"14859","2006097","0.9067940033383189"
"2568","2006985","0.9067940033383189"
"2253","2003905","0.9067940033383189"
"2971","2002964","0.9067940033383189"
"9266","2003381","0.9067940033383189"
"6021","2008641","0.9067940033383189"
"2520","2006913","0.9067940033383189"
"573","2005177","0.9067940033383189"
"4479","2008062","0.9067940033383189"
"2540","2004043","0.9067940033383189"
"10688","2001084","0.9067940033383189"
"11410","2003266","0.9067940033383189"
"10075","2005269","0.9067940033383189"
"4214","2006340","0.9067940033383189"
"6983","2002651","0.9067940033383189"
"3753","2001548","0.9067940033383189"
"5424","2006856","0.9067940033383189"
"2229","2003576","0.9067940033383189"
"1215","2005619","0.9067940033383189"
"1361","2001062","0.9067940033383189"
"1222","2004382","0.9067940033383189"
"8111","2002673","0.9067940033383189"
"6522","2000101","0.9067940033383189"
"4475","2003376","0.9067940033383189"
"1458","2000799","0.9067940033383189"
"4699","2002065","0.9067940033383189"
"437","2007158","0.9"
"9644","2008619","0.9067940033383189"
"7463","2001626","0.9067940033383189"
"12094","2002919","0.9067940033383189"
"5472","2002094","0.9067940033383189"
"2947","2007330","0.9"
"3096","2007302","0.9067940033383189"
"1628","2001540","0.9067940033383189"
"100","2007737","0.9067940033383189"
"1931","2008830","0.9067940033383189"
"12377","2003205","0.9067940033383189"
"8535","2003699","0.9067940033383189"
"1213","2003623","0.9067940033383189"
"3228","2007564","0.9067940033383189"
"2082","2006074","0.9067940033383189"
"1662","2001301","0.9067940033383189"
"4513","2005421","0.9067940033383189"
"4317","2008287","0.9067940033383189"
"6463","2001315","0.9067940033383189"
"8984","2006037","0.9"
"12868","2007826","0.9067940033383189"
"9550","2005750","0.9067940033383189"
"7295","2004004","0.9067940033383189"
"1047","2004220","0.9067940033383189"
"6423","2007201","0.9067940033383189"
"925","2006011","0.9067940033383189"
"2851","2007871","0.9067940033383189"
"1093","2007493","0.9067940033383189"
"9678","2006964","0.9067940033383189"
"10892","2007735","0.9067940033383189"
"140","2005610","0.9067940033383189"
"6963","2008345","0.9067940033383189"
"9673","2003260","0.9067940033383189"
"6475","2006472","0.9067940033383189"
"2665","2000031","0.9067940033383189"
"6558","2008531","0.9067940033383189"
"4399","2002364","0.91"
"13045","2004850","0.9067940033383189"
"7102","2009039","0.9067940033383189"
"8110","2001266","0.9067940033383189"
"10403","2004749","0.9067940033383189"
"4966","2006264","0.9067940033383189"
"31","2003594","0.9067940033383189"
"699","2000682","0.9"
"9987","2000220","0.9067940033383189"
"1807","2005570","0.94"
"3177","2005252","0.9067940033383189"
"5261","2005436","0.9067940033383189"
"7435","2008986","0.9067940033383189"
"9841","2004229","0.9067940033383189"
"6301","2007016","0.9067940033383189"
"4518","2006157","0.9067940033383189"
"5594","2001194","0.9067940033383189"
"5308","2002341","0.9067940033383189"
"1945","2003511","0.9067940033383189"
"4478","2002164","0.9067940033383189"
"5764","2006084","0.9067940033383189"
"3966","2008582","0.979107142857143"
"5390","2002086","0.9067940033383189"
"6764","2005062","0.9067940033383189"
"9794","2000226","0.9067940033383189"
"7271","2005515","0.9067940033383189"
"72","2008502","0.9067940033383189"
"6153","2003553","0.9067940033383189"
"7111","2005365","0.9067940033383189"
"1480","2004776","0.9067940033383189"
"2768","2005193","0.9067940033383189"
"5402","2008866","0.9067940033383189"
"4889","2005784","0.9067940033383189"
"2736","2006679","0.9067940033383189"
"5700","2002828","0.9067940033383189"
"2403","2008316","0.9067940033383189"
"4227","2008638","0.9067940033383189"
"1901","2008437","0.9067940033383189"
"2366","2007175","0.9"
"7891","2007034","0.9067940033383189"
"5720","2000784","0.9067940033383189"
"3027","2007239","0.9067940033383189"
"6379","2004159","0.94"
"1143","2000559","0.9"
"1330","2005186","0.9391071428571429"
"1319","2005145","0.9067940033383189"
"6494","2007761","0.9067940033383189"
"2584","2001411","0.9067940033383189"
"4362","2008439","0.91"
"3660","2000032","0.9067940033383189"
"9222","2006954","0.9067940033383189"
"5024","2000159","0.9067940033383189"
"2257","2009001","0.9067940033383189"
"4536","2001225","0.9067940033383189"
"5237","2000741","0.9067940033383189"
"10034","2005925","0.9067940033383189"
"2315","2002708","0.9067940033383189"
"1051","2000383","0.9067940033383189"
"4059","2005794","0.9067940033383189"
"6210","2008690","1.0"
"2338","2000100","0.9067940033383189"
"1024","2004929","0.9067940033383189"
"326","2006777","0.9067940033383189"
"14350","2003496","0.9067940033383189"
"908","2008588","0.9067940033383189"
"5","2004698","0.9067940033383189"
"6079","2006358","0.9067940033383189"
"6598","2003462","0.9067940033383189"
"5723","2006622","0.9067940033383189"
"6573","2003687","0.9067940033383189"
"7563","2004997","0.9067940033383189"
"8796","2004583","0.9067940033383189"
"3212","2003960","0.9067940033383189"
"5799","2004040","0.979107142857143"
"4632","2003360","0.9067940033383189"
"359","2002676","0.9067940033383189"
"1806","2002660","0.9067940033383189"
"2333","2001850","0.9067940033383189"
"1220","2008674","0.9067940033383189"
"2735","2002984","0.9067940033383189"
"7439","2008249","0.9067940033383189"
"14121","2005244","0.9067940033383189"
"206","2006731","0.9"
"525","2003535","0.9067940033383189"
"296","2006530","0.9067940033383189"
"8789","2001836","0.9067940033383189"
"2906","2006837","0.9067940033383189"
"508","2007663","0.9067940033383189"
"8255","2003840","0.9067940033383189"
"6149","2002002","0.9067940033383189"
"5673","2000852","0.9067940033383189"
"10482","2003141","0.9067940033383189"
"5437","2003245","0.9067940033383189"
"10682","2008989","0.9391071428571429"
"3218","2006593","0.9067940033383189"
"7722","2006078","0.9067940033383189"
"393","2005274","0.9067940033383189"
"1847","2006779","0.9067940033383189"
"6942","2002479","0.9067940033383189"
"5313","2005337","0.9067940033383189"
"10073","2003301","0.9067940033383189"
"12724","2005798","0.9067940033383189"
"6916","2003305","0.9067940033383189"
"302","2008689","0.9067940033383189"
"8133","2005445","0.9067940033383189"
"6184","2005148","0.9067940033383189"
"15090","2000197","0.9067940033383189"
"5456","2005253","0.9067940033383189"
"2852","2002200","0.9067940033383189"
"5500","2003480","0.9067940033383189"
"4482","2008607","0.9067940033383189"
"5405","2000289","0.9067940033383189"
"5254","2000272","0.9067940033383189"
"5447","2004448","1.0"
"1882","2000434","0.9067940033383189"
"6162","2001978","0.9067940033383189"
"9332","2002203","0.9067940033383189"
"590","2000459","0.9067940033383189"
"4452","2005947","0.9067940033383189"
"12514","2003289","0.9067940033383189"
"14038","2008897","0.9067940033383189"
"2328","2001202","0.9067940033383189"
"3688","2006883","0.9067940033383189"
"2657","2006594","0.9067940033383189"
"85","2007394","0.9067940033383189"
"11189","2004630","0.9067940033383189"
"3024","2007339","0.9067940033383189"
"7973","2002332","0.9067940033383189"
"7104","2004759","0.9067940033383189"
"3489","2006253","0.9067940033383189"
"2297","2003242","0.9067940033383189"
"7057","2003891","0.9067940033383189"
"5766","2007436","0.9067940033383189"
"9731","2006438","0.9067940033383189"
"6213","2006955","0.9067940033383189"
"3881","2002750","1.0"
"3757","2008090","0.9067940033383189"
"2729","2000557","0.9067940033383189"
"2398","2006018","0.9067940033383189"
"380","2008000","0.9067940033383189"
"5080","2000976","0.9067940033383189"
"1109","2006077","0.9067940033383189"
"9103","2003815","0.9067940033383189"
"516","2000095","0.9067940033383189"
"885","2004259","0.9067940033383189"
"4342","2008925","0.9067940033383189"
"4662","2005255","0.9067940033383189"
"7146","2000528","0.9067940033383189"
"156","2006752","0.9067940033383189"
"1531","2002120","0.9067940033383189"
"394","2000752","0.9067940033383189"
"7986","2008841","0.9067940033383189"
"3072","2004591","0.9067940033383189"
"2678","2006199","0.9067940033383189"
"7259","2003396","0.91"
"4922","2003398","0.9067940033383189"
"8319","2002574","0.9067940033383189"
"4080","2008822","0.9067940033383189"
"2317","2005848","0.9067940033383189"
"8869","2005720","0.9067940033383189"
"8877","2002788","0.9067940033383189"
"7626","2001799","0.9067940033383189"
"7319","2003491","0.9067940033383189"
"6319","2006709","0.9067940033383189"
"283","2003869","0.9067940033383189"
"1187","2003132","0.9067940033383189"
"6889","2004236","0.9067940033383189"
"4830","2005090","0.9067940033383189"
"8715","2005877","0.9067940033383189"
"10323","2006613","0.9067940033383189"
"1657","2008270","0.9067940033383189"
"490","2001756","0.9067940033383189"
"2963","2008662","0.9067940033383189"
"11688","2000744","0.9067940033383189"
"1835","2003182","0.9067940033383189"
"2588","2004210","0.9067940033383189"
"7935","2005020","0.9067940033383189"
"1884","2005942","0.9067940033383189"
"17337","2007461","0.9067940033383189"
"5484","2006231","0.9067940033383189"
"314","2005157","0.9067940033383189"
"2572","2005011","0.9067940033383189"
"3485","2009014","0.9067940033383189"
"7558","2002364","0.9067940033383189"
"1754","2003794","0.9067940033383189"
"3605","2001413","0.9067940033383189"
"1055","2007488","0.9067940033383189"
"1935","2009029","0.9067940033383189"
"711","2008517","0.9067940033383189"
"8633","2002184","0.9067940033383189"
"2819","2002627","0.9067940033383189"
"3664","2007866","0.9067940033383189"
"6320","2006551","0.9067940033383189"
"3447","2007770","0.9067940033383189"
"2180","2004108","0.91"
"853","2006536","0.9067940033383189"
"395","2001794","0.9067940033383189"
"1341","2005973","0.9067940033383189"
"3905","2004179","0.9067940033383189"
"8942","2000978","0.9067940033383189"
"9379","2006747","0.9067940033383189"
"979","2000584","0.9067940033383189"
"399","2007289","0.9067940033383189"
"430","2007619","0.9067940033383189"
"1400","2004117","0.9067940033383189"
"1366","2007801","0.9067940033383189"
"1823","2006183","0.9067940033383189"
"1625","2001116","0.9067940033383189"
"1320","2002709","0.9067940033383189"
"2799","2008020","0.9067940033383189"
"4238","2008751","0.9067940033383189"
"959","2004316","0.9067940033383189"
"9598","2008331","0.9067940033383189"
"8719","2005961","0.9067940033383189"
"4284","2006744","0.9067940033383189"
"3049","2000146","0.9067940033383189"
"2426","2001256","0.9067940033383189"
"1595","2007314","0.9067940033383189"
"1355","2008026","0.9067940033383189"
"1864","2002474","0.9067940033383189"
"832","2008340","0.9067940033383189"
"5385","2000693","0.9067940033383189"
"2714","2008507","0.9067940033383189"
"4180","2006382","0.9067940033383189"
"11434","2002791","0.9067940033383189"
"2558","2008100","0.9067940033383189"
"4451","2000916","0.9067940033383189"
"2106","2008946","0.9067940033383189"
"1679","2008087","0.9067940033383189"
"3682","2004425","0.98"
"6564","2004944","0.9067940033383189"
"675","2002881","0.9067940033383189"
"5753","2007710","0.9067940033383189"
"4709","2008576","0.9067940033383189"
"2926","2008835","0.9067940033383189"
"3535","2002990","0.9067940033383189"
"11883","2005035","0.9067940033383189"
"4733","2000532","0.9067940033383189"
"5059","2002741","0.9067940033383189"
"5796","2003359","1.0"
"5759","2003064","0.9067940033383189"
"5065","2006503","0.9067940033383189"
"6442","2008427","0.9067940033383189"
"13785","2002859","0.9067940033383189"
"1003","2005109","0.9067940033383189"
"1855","2002111","0.9067940033383189"
"1859","2006294","0.9067940033383189"
"13887","2002972","0.9067940033383189"
"1152","2005907","0.9067940033383189"
"1143","2000577","0.9"
"9907","2002686","0.9067940033383189"
"4607","2004979","0.9067940033383189"
"403","2001119","0.9067940033383189"
"5624","2008464","0.9067940033383189"
"11895","2002123","0.9067940033383189"
"1904","2006192","0.9067940033383189"
"5689","2005567","0.9067940033383189"
"4034","2008454","0.9067940033383189"
"4979","2002323","0.9067940033383189"
"4115","2006958","0.9067940033383189"
"1670","2002614","0.9067940033383189"
"6277","2003055","0.9067940033383189"
"5295","2002806","0.9067940033383189"
"9413","2005122","0.9067940033383189"
"6163","2002609","0.9067940033383189"
"5965","2006272","0.9067940033383189"
"3167","2000199","0.9067940033383189"
"367","2001378","0.9067940033383189"
"1620","2008320","0.9067940033383189"
"6120","2003463","0.9067940033383189"
"6609","2006475","0.91"
"9388","2002960","0.9067940033383189"
"1506","2004628","0.9067940033383189"
"11074","2008232","0.9067940033383189"
"19","2005431","0.9067940033383189"
"4791","2001021","0.9067940033383189"
"9293","2003952","0.9067940033383189"
"1816","2006379","0.9067940033383189"
"1158","2009021","0.9067940033383189"
"4895","2001842","0.9067940033383189"
"1308","2002183","0.9067940033383189"
"10020","2002056","0.9067940033383189"
"845","2004157","0.9067940033383189"
"457","2007901","0.9067940033383189"
"6066","2003639","0.9067940033383189"
"8082","2002834","0.9067940033383189"
"9643","2002284","0.9067940033383189"
"6401","2001934","0.9067940033383189"
"14051","2004378","0.9"
"11475","2005606","0.9067940033383189"
"1278","2007561","0.9067940033383189"
"9428","2002007","0.9067940033383189"
"16072","2008059","0.9067940033383189"
"3486","2000384","0.9067940033383189"
"4711","2007087","0.9067940033383189"
"1162","2002509","0.9067940033383189"
"3186","2000334","0.9067940033383189"
"5461","2005463","0.9067940033383189"
"5303","2007921","0.9067940033383189"
"7062","2004711","0.92"
"2369","2006242","0.9067940033383189"
"1172","2006734","0.9067940033383189"
"6970","2005055","0.9067940033383189"
"86","2001916","0.9067940033383189"
"11888","2001579","0.9067940033383189"
"5507","2002833","0.9067940033383189"
"2245","2000320","0.9067940033383189"
"9387","2007362","0.9067940033383189"
"3261","2000620","0.9067940033383189"
"2786","2008327","0.9067940033383189"
"1781","2008820","0.9067940033383189"
"7789","2001345","0.9067940033383189"
"2865","2000526","0.9067940033383189"
"9535","2003592","0.9067940033383189"
"190","2008471","0.9067940033383189"
"4143","2006741","0.91"
"5998","2005824","0.9067940033383189"
"8084","2004888","0.9067940033383189"
"1031","2006362","0.9067940033383189"
"338","2004069","0.9067940033383189"
"7285","2006072","0.9067940033383189"
"3609","2005959","0.9067940033383189"
"9975","2008557","0.9067940033383189"
"7346","2006892","0.9067940033383189"
"6720","2004311","0.9067940033383189"
"539","2000616","0.9067940033383189"
"17086","2007462","0.9067940033383189"
"1918","2002158","0.9067940033383189"
"9488","2000560","0.9067940033383189"
"1166","2002159","0.9067940033383189"
"8747","2001649","0.9067940033383189"
"5435","2001112","0.9067940033383189"
"404","2002649","0.9067940033383189"
"4105","2003142","0.9067940033383189"
"1276","2006250","0.9067940033383189"
"3217","2004915","0.9067940033383189"
"692","2005352","0.9067940033383189"
"80","2005490","0.9067940033383189"
"1961","2001464","0.9067940033383189"
"1634","2001906","0.9067940033383189"
"3839","2003223","0.9067940033383189"
"7316","2006404","0.9067940033383189"
"7609","2006696","0.9067940033383189"
"7043","2008473","0.9067940033383189"
"8643","2008415","0.9067940033383189"
"2006","2005906","0.9067940033383189"
"5985","2001976","0.9067940033383189"
"1610","2000018","0.9067940033383189"
"4189","2004153","0.9067940033383189"
"2983","2000836","0.9067940033383189"
"3176","2000831","0.9067940033383189"
"2113","2000695","0.9067940033383189"
"704","2008047","0.9067940033383189"
"666","2006419","0.9067940033383189"
"4986","2005993","0.92"
"1402","2002302","0.9067940033383189"
"1716","2000395","0.9067940033383189"
"9457","2006066","0.9067940033383189"
"2203","2000440","0.9067940033383189"
"3196","2002237","0.9067940033383189"
"9531","2008676","0.9067940033383189"
"4770","2002060","0.9067940033383189"
"4500","2003678","0.9067940033383189"
"5639","2007202","0.9067940033383189"
"8237","2006707","0.9067940033383189"
"2892","2001465","0.9067940033383189"
"9392","2004724","0.9067940033383189"
"1035","2006982","1.0"
"13054","2001505","0.9067940033383189"
"5617","2000417","0.9067940033383189"
"9912","2005769","0.9067940033383189"
"3904","2007990","0.9067940033383189"
"6170","2000347","0.9"
"2275","2006569","0.9067940033383189"
"2548","2004271","0.9067940033383189"
"4939","2004972","0.9067940033383189"
"7219","2002847","0.9067940033383189"
"2601","2004243","0.9067940033383189"
"8404","2004689","0.9067940033383189"
"14051","2004379","0.91"
"7062","2004724","0.92"
"10944","2006405","0.98"
"1396","2007539","0.9067940033383189"
"4041","2004267","0.9067940033383189"
"5629","2004145","0.9067940033383189"
"2130","2001443","0.9067940033383189"
"7174","2004257","0.9067940033383189"
"14447","2008949","0.9067940033383189"
"282","2008005","0.9067940033383189"
"7569","2004705","0.9067940033383189"
"11522","2006579","0.9067940033383189"
"3938","2007415","0.9067940033383189"
"4062","2001982","0.9067940033383189"
"10113","2007584","0.9067940033383189"
"6141","2002876","0.9067940033383189"
"1698","2006414","0.9067940033383189"
"2880","2006540","0.9067940033383189"
"9934","2000632","0.9067940033383189"
"1542","2009037","0.9067940033383189"
"6202","2006046","0.9067940033383189"
"20","2008363","0.9067940033383189"
"3954","2005095","0.9067940033383189"
"815","2005991","0.9067940033383189"
"173","2005179","0.9067940033383189"
"474","2003605","0.9067940033383189"
"230","2003145","0.9067940033383189"
"2449","2006997","0.9067940033383189"
"7615","2000293","0.9067940033383189"
"2524","2008222","0.9067940033383189"
"6381","2003012","0.9067940033383189"
"10227","2003083","0.9067940033383189"
"2807","2008667","0.9"
"2078","2004910","0.9067940033383189"
"12274","2001918","0.9067940033383189"
"1356","2000135","0.9067940033383189"
"389","2008289","0.9067940033383189"
"451","2005914","0.9067940033383189"
"5677","2007151","0.9067940033383189"
"6638","2000441","0.9067940033383189"
"2738","2005405","0.9067940033383189"
"511","2005792","0.979107142857143"
"2366","2007176","0.91"
"1069","2006172","0.9067940033383189"
"1124","2008730","0.9067940033383189"
"3093","2000169","0.9067940033383189"
"8765","2000377","0.9067940033383189"
"8948","2000268","0.9067940033383189"
"471","2002531","0.9067940033383189"
"867","2005174","0.9067940033383189"
"507","2006539","0.9067940033383189"
"407","2003395","0.9067940033383189"
"3518","2000561","0.9067940033383189"
"5341","2006434","0.9067940033383189"
"2416","2000120","0.9067940033383189"
"12037","2001773","0.9067940033383189"
"8159","2001513","0.9067940033383189"
"1178","2001358","0.9067940033383189"
"2418","2006821","0.9067940033383189"
"3877","2002857","0.9067940033383189"
"820","2000338","0.9067940033383189"
"3677","2004154","0.9067940033383189"
"318","2007037","0.9067940033383189"
"3948","2007414","0.9067940033383189"
"756","2004395","0.9067940033383189"
"5314","2007047","0.9067940033383189"
"4633","2005137","0.9067940033383189"
"783","2002328","0.9067940033383189"
"144","2000895","0.9067940033383189"
"3540","2002639","0.9067940033383189"
"7855","2007996","0.9067940033383189"
"1","2005071","0.9067940033383189"
"3766","2002611","0.9067940033383189"
"3055","2005799","0.9067940033383189"
