4003118+3005061,0.25
4011584+3005060+3005383,0.27777777777777773
3001583+4005751+3001716,0.2857142857142857
3002709+4008438,0.4
3006942+4008041,0.4
4007361+3002805,0.4
4009726+3004096,0.5
3009605+4007536,0.5
3001253+4011122,0.5
3007092+4011341,0.5
3003836+4008449,0.5
4011396+3009761,0.5
4009066+3003489,0.5
3002765+4011461,0.5
3007061+4004150,0.5
3002585+4009762,0.5
4011440+3007114,0.5
3006059+4011963,0.5
3004750+4011714,0.5
3001680+4011879,0.5
4010407+3004416,0.5
4010198+3003812,0.5
4010205+3005791,0.5
4003948+3009059,0.5
3002980+4008515,0.5
4011674+3005028,0.5
3009500+4006134,0.5
4008939+3005989,0.5
4010175+3000872,0.5
4007523+3000649,0.5
4008518+3002404,0.5
3009546+4005916,0.5
3001465+4007068,0.5
4008063+3004091,0.5
3000369+4007589,0.5
4010244+3004479,0.5
4006142+3005781,0.5
3003111+4008520,0.5
4011497+3003500,0.5
3005009+4006521,0.5
4008460+3002832,0.5
3003598+4011511,0.5
4010992+3003182,0.5
3003009+4008983,0.5
3003861+4012064+3003186,0.5555555555555555
4005330+3002618,0.5714285714285714
3008264+4001444,0.5714285714285714
3002670+4009737,0.5714285714285714
4011363+3008694,0.5714285714285714
4010581+3004070,0.5714285714285714
3003047+4005320,0.5714285714285714
3007015+4004135,0.5714285714285714
3003238+4004038,0.5714285714285714
3008215+4011408,0.5714285714285714
4004072+3002749,0.5714285714285714
3002755+4006277,0.5714285714285714
3002382+4010212,0.5714285714285714
3008996+4004030,0.5714285714285714
3000629+4007751,0.5714285714285714
3006809+4009369,0.5714285714285714
4001358+3000719,0.5714285714285714
3006578+4011429+3006808,0.5714285714285714
3004113+4001218,0.5714285714285714
3003778+4011500,0.5714285714285714
4005265+3002904,0.5714285714285714
4005261+3002381,0.5714285714285714
4001074+3004911,0.5714285714285714
3007317+4006032,0.5714285714285714
4006162+3007278,0.5714285714285714
3007139+4004870,0.5714285714285714
3000558+4008844,0.5714285714285714
3003597+4010339,0.5714285714285714
4010211+3005868,0.5714285714285714
4006177+3002790,0.5714285714285714
3002682+4003186,0.5714285714285714
3002426+4004369,0.5714285714285714
3000860+4006002,0.5714285714285714
3004401+4004244,0.5714285714285714
3002148+4008864,0.5714285714285714
3000417+4000785,0.5714285714285714
4005945+3001568,0.5714285714285714
4006312+3004119,0.5714285714285714
4009761+3003737,0.5714285714285714
3005222+4002399,0.5714285714285714
4004130+3005483,0.5714285714285714
3000375+4011425,0.5714285714285714
4001770+3006814,0.5714285714285714
4001166+3007283,0.5714285714285714
3001592+4007130,0.5714285714285714
3005871+4001421,0.5714285714285714
3004248+4003014,0.5714285714285714
3001135+4001075,0.5714285714285714
3005793+4005744,0.5714285714285714
3008627+4003066,0.5714285714285714
4010990+3002534,0.5714285714285714
4007084+3002729,0.5714285714285714
3002586+4008455,0.5714285714285714
3004787+4010505,0.5833333333333334
3004437+4002161,0.5833333333333334
3001475+4011225,0.5833333333333334
4008936+3001613,0.5833333333333334
4008908+3001945,0.5833333333333334
3001595+4008772,0.5833333333333334
4005481+3006690,0.5833333333333334
4008916+3002538,0.5833333333333334
4003718+3009065,0.5833333333333334
4008493+3003106,0.5833333333333334
3004475+4011393,0.5833333333333334
3005327+4006332,0.5833333333333334
4007509+3000467,0.5833333333333334
3005888+4011346,0.5833333333333334
3006821+4010301,0.5833333333333334
3009754+4010878,0.5833333333333334
3005156+4011766,0.5833333333333334
3005933+4006143,0.5833333333333334
4003849+3003605,0.5833333333333334
4010362+3004676,0.5833333333333334
3004832+4000989,0.5833333333333334
4005702+3001125,0.5833333333333334
4010298+3008305,0.5833333333333334
3008712+4011367,0.5833333333333334
4011387+3008301,0.5833333333333334
4010099+3001181,0.5833333333333334
4001849+3005428,0.5833333333333334
3009382+4000908,0.5833333333333334
4012043+3002713,0.5833333333333334
4002226+3002521,0.5833333333333334
4006254+3006660,0.5833333333333334
3000187+4006489,0.5833333333333334
4011417+3007454,0.5833333333333334
3005803+4011378,0.5833333333333334
4009253+3004813,0.5833333333333334
3004455+4011666,0.5833333333333334
3001894+4007330,0.5833333333333334
3005129+4009292,0.5833333333333334
3006997+4007704,0.5833333333333334
4001912+3005120,0.5833333333333334
3002353+4007851,0.5833333333333334
3001332+4010059,0.5833333333333334
4011406+3007086,0.5833333333333334
3001585+4008834,0.5833333333333334
4010781+3002835,0.5833333333333334
4011364+3008711,0.5833333333333334
3003689+4010348,0.5833333333333334
4011770+3005177,0.5833333333333334
4010476+3002836,0.5833333333333334
4009143+3004254,0.5833333333333334
3007220+4010291,0.5833333333333334
3005245+4007999,0.5833333333333334
3003496+4011494,0.5833333333333334
4010965+3002802,0.5833333333333334
3004215+4007226,0.5833333333333334
4007957+3004163,0.5833333333333334
3007110+4011435,0.5833333333333334
3001316+4007438,0.5833333333333334
3001586+4010048,0.5833333333333334
3008858+4010284,0.5833333333333334
4011366+3008708,0.5833333333333334
4005868+3008778,0.5833333333333334
4005804+3009132,0.5833333333333334
3001751+4011251,0.5833333333333334
4005946+3000640,0.5833333333333334
4011375+3007294,0.5833333333333334
4008733+3004915,0.5833333333333334
4010022+3009652,0.5833333333333334
3000267+4008857,0.5833333333333334
4011381+3005946,0.5833333333333334
3001718+4000423,0.5833333333333334
3005956+4010256,0.5833333333333334
3000510+4008767,0.5833333333333334
3006802+4007168,0.5833333333333334
3009181+4000548,0.5833333333333334
3001542+4005995,0.5833333333333334
4003804+3001169,0.5833333333333334
3009627+4011303,0.5833333333333334
4007024+3006791,0.5833333333333334
4008981+3006057,0.5833333333333334
4007780+3003613,0.5833333333333334
3009304+4000839,0.5833333333333334
3001545+4008841,0.5833333333333334
3005981+4006083,0.5833333333333334
3007195+4007623,0.5833333333333334
3000764+4011247,0.5833333333333334
4000819+3000302,0.5833333333333334
4011186+3000355,0.5833333333333334
3003782+4009009,0.5833333333333334
4010242+3008707,0.5833333333333334
3001277+4001062,0.5833333333333334
4010947+3002766,0.5833333333333334
4001913+3004815,0.5833333333333334
3004403+4006551,0.5833333333333334
4010254+3005515,0.5833333333333334
3003715+4008467,0.5833333333333334
4010062+3001855,0.5833333333333334
4010077+3009651,0.5833333333333334
4009342+3005174,0.5833333333333334
3004125+4009078,0.5833333333333334
3002560+4010406,0.5833333333333334
3004089+4007987,0.5833333333333334
4009492+3006806,0.5833333333333334
4004173+3004020,0.5833333333333334
3007303+4011416,0.5833333333333334
4010243+3004478,0.5833333333333334
4011386+3004484,0.5833333333333334
3003545+4010548,0.5833333333333334
3005410+4011743,0.5833333333333334
3003359+4004420,0.5833333333333334
3006436+4011528,0.5833333333333334
3000401+4005686,0.5833333333333334
3000837+4007547,0.5833333333333334
4009773+3002801,0.5833333333333334
3001152+4007375,0.5833333333333334
3001311+4008644,0.5833333333333334
4007496+3001400,0.5833333333333334
4006462+3004095,0.5833333333333334
4003312+3005175,0.5833333333333334
3002247+4008674,0.5833333333333334
4009808+3002394,0.5833333333333334
4010431+3004228,0.5833333333333334
4007160+3009653,0.5833333333333334
4008079+3004742,0.5833333333333334
3007446+4007742,0.5833333333333334
3009513+4008945,0.5833333333333334
4010286+3007214,0.5833333333333334
3001302+4001037,0.5833333333333334
4005435+3005780,0.5833333333333334
3009134+4004004,0.5833333333333334
3003784+4000094,0.5833333333333334
4011624+3003937,0.5833333333333334
4010582+3004100,0.5833333333333334
3001386+4010167,0.5833333333333334
4009095+3004064,0.5833333333333334
4006224+3004406,0.5833333333333334
3005167+4009407,0.5833333333333334
4007606+3005798,0.5833333333333334
3005124+4009210,0.5833333333333334
3004500+4003330,0.5833333333333334
4003946+3001994,0.5833333333333334
3005980+4009779,0.5833333333333334
3008306+4010277,0.5833333333333334
4012029+3003087,0.5833333333333334
3004067+4010417,0.5833333333333334
3002736+4012038,0.5833333333333334
3004146+4004428,0.5833333333333334
4010343+3002770,0.5833333333333334
3008309+4011446,0.5833333333333334
3004633+4009794,0.5833333333333334
4010574+3005012,0.5833333333333334
3007113+4010245,0.5833333333333334
4010202+3008272,0.5833333333333334
3001388+4010184,0.5833333333333334
4008958+3009097,0.5833333333333334
3001346+4009310,0.5833333333333334
3005886+4011348,0.5833333333333334
3002354+4011447,0.5833333333333334
3003795+4011502,0.5833333333333334
3005399+4010266,0.5833333333333334
4010755+3001250,0.5833333333333334
4012052+3003109,0.5833333333333334
3005057+4006345,0.5833333333333334
4011709+3005253,0.5833333333333334
4003514+3000423,0.5833333333333334
4001209+3000490,0.6
4007859+3004274,0.6
4011077+3006861,0.6
3008703+4006077,0.6
4007937+3005329,0.6
3002566+4012022,0.6
3001166+4000551,0.6
4006141+3007211,0.6
3004299+4008736,0.6
4012088+3003015,0.6
3005993+4006179,0.6
3000681+4011279,0.6
4009085+3004414,0.6
3004548+4009291,0.6
4001511+3009883,0.6
4010209+3005875,0.6
3001587+4010170,0.6
3004167+4010523,0.6
3001342+4007333,0.6
4011705+3005226,0.6
3004820+4011625,0.6
4009315+3009462,0.6
4002766+3003723,0.6
3001471+4008729,0.6
4008276+3009020,0.6
3007118+4011439,0.6
3005432+4009397,0.6
4010156+3000743,0.6
4009000+3009103,0.6
4008708+3000762,0.6
3003721+4012032,0.6
4006620+3004917,0.6
4008738+3001344,0.6
3009090+4004076,0.6
4011001+3002691,0.6
4005491+3005024,0.6
3002484+4003220,0.6
4009326+3004581,0.6
3003834+4009988,0.6
3008755+4010026+3008818,0.619047619047619
3002887+4004984+4009713,0.619047619047619
4000762+3009410,0.625
4010029+3001448,0.625
4005209+3009575,0.625
3001384+4000535,0.6428571428571429
3006006+4008953,0.6428571428571429
3005173+4010652,0.6428571428571429
4006518+3005419,0.6428571428571429
3000350+4000488,0.6428571428571429
4007784+3000638,0.6428571428571429
3003770+4009086,0.6428571428571429
4007088+3005011,0.6428571428571429
4011178+3000621,0.6428571428571429
4004355+3002748,0.6428571428571429
3004145+4001815,0.6428571428571429
4002304+3005040,0.6428571428571429
4010186+3000655,0.6428571428571429
4008670+3000635,0.6428571428571429
4005813+3000645,0.6428571428571429
3001561+4000469,0.6428571428571429
3005049+4006457,0.6428571428571429
4001930+3004436,0.6428571428571429
4011353+3007004,0.6428571428571429
4003942+3006615,0.6428571428571429
4010012+3009123,0.6428571428571429
4001544+3004591,0.6428571428571429
3005014+4004627,0.6428571428571429
3004204+4005494,0.6428571428571429
4005782+3006649,0.6428571428571429
3001137+4007345,0.6428571428571429
4006908+3006045,0.6428571428571429
4003822+3000290,0.6428571428571429
4010208+3008267,0.6428571428571429
4009249+3003988,0.6428571428571429
3006857+4000052,0.6428571428571429
3002742+4009051,0.6428571428571429
3006671+4005433,0.6428571428571429
3006897+4006201,0.6428571428571429
4003997+3009210,0.6428571428571429
3001614+4003401,0.6428571428571429
3008405+4001276,0.6428571428571429
4006554+3005220,0.6428571428571429
4008990+3005967,0.6428571428571429
4007782+3004758,0.6428571428571429
3006810+4006003,0.6428571428571429
4010230+3003491,0.6428571428571429
4007826+3004910,0.6428571428571429
3003253+4008463,0.6428571428571429
3007067+4007630,0.6428571428571429
4000571+3001632,0.6428571428571429
4005878+3001301,0.6428571428571429
4005903+3001694,0.6428571428571429
4001351+3009155,0.6428571428571429
4007518+3000534,0.6428571428571429
3004242+4001696,0.6428571428571429
4003349+3002384,0.6428571428571429
4010561+3004523,0.6428571428571429
3000733+4001024,0.6428571428571429
4001493+3004494,0.6428571428571429
3000674+4008776,0.6428571428571429
3005114+4002460,0.6428571428571429
3009495+4008679,0.6428571428571429
3003490+4007723,0.6428571428571429
3004600+4004265,0.6428571428571429
3004047+4004251,0.6428571428571429
3009749+4010282,0.6428571428571429
4007561+3003052,0.6428571428571429
4008432+3002371,0.6428571428571429
4003945+3001714,0.6428571428571429
3001242+4007287,0.6428571428571429
3008225+4004103,0.6428571428571429
4009421+3006882,0.6428571428571429
4010154+3008489,0.6428571428571429
4005874+3001371,0.6428571428571429
4003900+3001420,0.6428571428571429
3000343+4010148,0.6428571428571429
3007202+4001440,0.6428571428571429
3000688+4007479,0.6428571428571429
3002674+4004034,0.6428571428571429
3007449+4007716,0.6428571428571429
4008081+3004717,0.6428571428571429
3000567+4003453,0.6428571428571429
4000453+3001136,0.6428571428571429
3005244+4004733,0.6428571428571429
4007794+3004655,0.6428571428571429
4007638+3007101,0.6428571428571429
4004339+3003670,0.6428571428571429
3008941+4011370,0.6428571428571429
4006088+3002428,0.6428571428571429
3004051+4005551,0.6428571428571429
4001057+3000716,0.6428571428571429
3007106+4010311,0.6428571428571429
4004012+3000736,0.6428571428571429
3003473+4004230,0.6428571428571429
3007280+4004013,0.6428571428571429
4006151+3000796,0.6428571428571429
3004896+4011722,0.6428571428571429
4011474+3003334,0.6428571428571429
3000717+4007458,0.6428571428571429
4004326+3000825,0.6428571428571429
4009220+3002822,0.6428571428571429
3000524+4001465,0.6428571428571429
4011309+3005155,0.6428571428571429
4007790+3004412,0.6428571428571429
3001001+4003815,0.6428571428571429
3001170+4006612,0.6428571428571429
4011320+3001922,0.6428571428571429
4002469+3005041,0.6428571428571429
4008540+3007058,0.6428571428571429
3000493+4006090,0.6428571428571429
3004495+4001695,0.6428571428571429
3004716+4006442,0.6428571428571429
3002127+4007404,0.6428571428571429
3004723+4006479,0.6428571428571429
4010160+3000282,0.6428571428571429
4002193+3005227,0.6428571428571429
3009755+4001388,0.6428571428571429
3002098+4001034,0.6428571428571429
3004667+4004057,0.6428571428571429
4007993+3002826,0.6428571428571429
4001557+3002367,0.6428571428571429
3004319+4002044,0.6428571428571429
4002323+3005240,0.6428571428571429
3002809+4008855,0.6428571428571429
4003658+3001227,0.6428571428571429
4001723+3004140,0.6428571428571429
3002752+4007747,0.6428571428571429
3006876+4000087,0.6428571428571429
4000281+3000525,0.6428571428571429
3001186+4005913,0.6428571428571429
4010989+3003183,0.6428571428571429
3009738+4009038,0.6428571428571429
3000959+4007563,0.6428571428571429
4000890+3000485,0.6428571428571429
3005941+4001287,0.6428571428571429
3004496+4010392,0.6428571428571429
3001149+4000668,0.6428571428571429
3000718+4007467,0.6428571428571429
3003592+4001475,0.6428571428571429
4005380+3002785,0.6428571428571429
3004316+4002300,0.6428571428571429
4003847+3004176,0.6428571428571429
3004505+4007767,0.6428571428571429
3000720+4003296,0.6428571428571429
3004036+4011542,0.6428571428571429
3008695+4010225,0.6428571428571429
3000657+4007626,0.6428571428571429
3004899+4002464,0.6428571428571429
3001385+4001191,0.6428571428571429
4003760+3001529,0.6428571428571429
3003665+4011556,0.6428571428571429
3006774+4010415,0.6428571428571429
3000353+4001430,0.6428571428571429
4002306+3004526,0.6428571428571429
4006272+3004372,0.6428571428571429
3004529+4002372,0.6428571428571429
4011453+3004109,0.6428571428571429
3001577+4007462,0.6428571428571429
3004897+4001726,0.6428571428571429
4002060+3005117,0.6428571428571429
3004504+4006239,0.6428571428571429
3003671+4010367,0.6428571428571429
4004052+3008223,0.6428571428571429
3004068+4004671,0.6428571428571429
4000023+3001368,0.6428571428571429
3003745+4001681,0.6428571428571429
4004181+3000596,0.6428571428571429
4009135+3004373,0.6428571428571429
4003590+3002149,0.6428571428571429
3007448+4007550,0.6428571428571429
4003902+3000735,0.6428571428571429
4007001+3005703,0.6428571428571429
4000344+3003678,0.6428571428571429
4007519+3000668,0.6428571428571429
3006914+4007634,0.6428571428571429
3003600+4001043,0.6428571428571429
3004116+4011544,0.6428571428571429
4003920+3001139,0.6428571428571429
3007108+4010313,0.6428571428571429
3001322+4010058,0.6428571428571429
3005036+4001646,0.6428571428571429
4001325+3007095,0.6428571428571429
4008861+3000520,0.6428571428571429
3001660+4008840,0.6428571428571429
3005940+4004083,0.6428571428571429
4005309+3002529,0.6428571428571429
3004892+4010601,0.6428571428571429
3002425+4003840,0.6428571428571429
3009281+4000354,0.6428571428571429
4005938+3001865,0.6428571428571429
4005900+3001319,0.6428571428571429
3000582+4004022,0.6428571428571429
3000610+4000742,0.6428571428571429
4003659+3001723,0.6428571428571429
3005507+4003818,0.6428571428571429
3003000+4008952,0.6428571428571429
3006931+4004011,0.6428571428571429
4009301+3005008,0.6428571428571429
4007500+3000742,0.6428571428571429
4006651+3002183,0.6428571428571429
3008842+4006033,0.6428571428571429
4008673+3000625,0.6428571428571429
4002578+3009743,0.6428571428571429
4005818+3001603,0.6428571428571429
3002454+4001641,0.6428571428571429
4007103+3003142,0.6428571428571429
3003038+4007476,0.6428571428571429
3008259+4007579,0.6428571428571429
4001580+3005350,0.6428571428571429
3000685+4005952,0.6428571428571429
4001666+3002814,0.6428571428571429
3000357+4005964,0.6428571428571429
3000561+4001050,0.6428571428571429
3004499+4004235,0.6428571428571429
4010591+3004719,0.6428571428571429
4009034+3008696,0.6428571428571429
3005971+4001365,0.6428571428571429
4004073+3006041,0.6428571428571429
3003471+4007725,0.6428571428571429
3004114+4000070,0.6428571428571429
4001967+3004903,0.6428571428571429
3001173+4005876,0.6428571428571429
3004800+4009248,0.6428571428571429
4006212+3004371,0.6428571428571429
3000509+4003829,0.6428571428571429
3004322+4010886,0.6428571428571429
3004071+4001792,0.6428571428571429
3002331+4009719,0.6428571428571429
3003017+4005303,0.6428571428571429
4004296+3000832,0.6428571428571429
4004191+3007002,0.6428571428571429
3004507+4004275,0.6428571428571429
3004307+4002276,0.6428571428571429
3008705+4002430,0.6428571428571429
3008648+4007469,0.6428571428571429
3007103+4004164,0.6428571428571429
4007715+3002416,0.6428571428571429
3000828+4000635,0.6428571428571429
4001558+3000317,0.6428571428571429
3008326+4007643,0.6428571428571429
4010055+3001458,0.6428571428571429
3006996+4001253,0.6428571428571429
4000000+3003599,0.6428571428571429
4003260+3004066,0.6428571428571429
3000382+4005682,0.6428571428571429
3001601+4000935,0.6428571428571429
4000978+3000848,0.6428571428571429
4009047+3008840,0.6428571428571429
3002485+4007827,0.6428571428571429
3005968+4001301,0.6428571428571429
4008672+3000823,0.6428571428571429
4001368+3008947,0.6428571428571429
4009114+3006214,0.6428571428571429
4004404+3003705,0.6428571428571429
3000721+4009082,0.6428571428571429
3006077+4006200,0.6428571428571429
3001679+4001121,0.6428571428571429
4007562+3006039,0.6428571428571429
3000671+4000741,0.6428571428571429
3009211+4001132,0.6666666666666666
4005604+3001566,0.6666666666666666
4012067+3002806,0.6666666666666666
3002427+4004014,0.6666666666666666
4007472+3000615,0.6666666666666666
3004186+4008569,0.6666666666666666
3009654+4009966,0.6666666666666666
3002431+4007603,0.6666666666666666
3009638+4005754,0.6666666666666666
4010351+3003690,0.6666666666666666
3008280+4011342,0.6666666666666666
4008929+3007079,0.6666666666666666
4008870+3000738,0.6666666666666666
3000392+4003952,0.6666666666666666
3003011+4012085,0.6666666666666666
3006954+4010215,0.6666666666666666
4011404+3007085,0.6666666666666666
3005178+4007099,0.6666666666666666
3004293+4009205,0.6666666666666666
3001343+4010575,0.6666666666666666
4009090+3004063,0.6666666666666666
4011431+3006829,0.6666666666666666
4001978+3004317,0.6666666666666666
3004678+4010418,0.6666666666666666
3003178+4001293,0.6666666666666666
3001383+4009040,0.6666666666666666
3005887+4008330,0.6666666666666666
4006132+3005679,0.6666666666666666
3004751+4008539,0.6666666666666666
4011432+3009077,0.6666666666666666
3000362+4005872,0.6666666666666666
4011732+3006370,0.6666666666666666
4011351+3005892,0.6666666666666666
3004474+4010521,0.6666666666666666
3001299+4010104,0.6666666666666666
4008054+3004909,0.6666666666666666
3005168+4004685,0.6666666666666666
3006289+4010139,0.6666666666666666
3004902+4004751,0.6666666666666666
3003793+4011506,0.6666666666666666
3001350+4010061,0.6666666666666666
4011428+3006826,0.6666666666666666
3003608+4006218,0.6666666666666666
4010287+3007210,0.6666666666666666
4011288+3001948,0.6666666666666666
4006549+3008395,0.6666666666666666
4010143+3002286,0.6666666666666666
3003357+4012051,0.6666666666666666
4009146+3008498,0.6666666666666666
3001314+4008885,0.6666666666666666
3009826+4007522,0.6666666666666666
4005685+3000449,0.6666666666666666
4007749+3004250,0.6666666666666666
3005885+4007660,0.6666666666666666
3005157+4006448,0.6666666666666666
3004510+4010393,0.6666666666666666
4012089+3003016,0.6666666666666666
3007217+4007681,0.6666666666666666
4005861+3002141,0.6666666666666666
3004136+4001914,0.6666666666666666
4010455+3005340,0.6666666666666666
3004420+4011534,0.6666666666666666
4012035+3003722,0.6666666666666666
3006956+4011434,0.6666666666666666
3007559+3007550+4005206,0.6666666666666666
3000656+4007521,0.6666666666666666
4009068+3003492,0.6666666666666666
3005343+4006660,0.6666666666666666
3009758+4010285,0.6666666666666666
4011388+3007313,0.6666666666666666
4008938+3006952,0.6666666666666666
3001373+4003641,0.6666666666666666
3003006+4012086,0.6666666666666666
3005957+4007873,0.6666666666666666
3002497+4010335,0.6666666666666666
3004212+4004709,0.6666666666666666
3004438+4009260,0.6666666666666666
3006993+4006076,0.6666666666666666
3003789+4010356,0.6666666666666666
3000677+4011305,0.6666666666666666
4010494+3004511,0.6666666666666666
3001806+4009976,0.6666666666666666
4003672+3000826,0.6666666666666666
3004818+4011621,0.6666666666666666
4011586+3005064,0.6666666666666666
3005027+4005224,0.6666666666666666
4007230+3006431,0.6666666666666666
4006465+3004220,0.6666666666666666
4010352+3004703,0.6666666666666666
3003110+4007057,0.6666666666666666
3004469+4004601,0.6666666666666666
4007611+3002348,0.6666666666666666
4005827+3009647,0.6666666666666666
3003696+4005816,0.6666666666666666
4007485+3000531,0.6666666666666666
4007636+3008283,0.6666666666666666
4010988+3002539,0.6666666666666666
4011405+3007084,0.6666666666666666
3004913+4007853,0.6666666666666666
4011376+3007302,0.6666666666666666
3008368+4008851,0.6666666666666666
4011374+3007298,0.6666666666666666
3005506+4008334,0.6666666666666666
4011572+3005107,0.6666666666666666
4009100+3002503,0.6666666666666666
4009055+3002981,0.6666666666666666
4010275+3004476,0.6666666666666666
3003374+4012031,0.6666666666666666
4009200+3003549,0.6666666666666666
3004329+4010545,0.6666666666666666
4008937+3006947,0.6666666666666666
3004101+4011635,0.6666666666666666
4011475+3004108,0.6666666666666666
4009831+3000081,0.6666666666666666
3005874+4004049,0.6666666666666666
3004452+4010841,0.6666666666666666
3004923+4005458,0.6666666666666666
4003890+3009187,0.6666666666666666
4010485+3004914,0.6666666666666666
3009827+4010111,0.6666666666666666
3007146+4011314,0.6666666666666666
4011383+3005959+4011302,0.6666666666666666
4008707+3000700,0.6666666666666666
4010484+3004919,0.6666666666666666
3002191+4006503,0.6666666666666666
3004811+4011622,0.6666666666666666
3004410+4010262,0.6666666666666666
4009728+3002969,0.6666666666666666
4006164+3003340,0.6666666666666666
3000833+4010005,0.6666666666666666
4011287+3004643,0.6666666666666666
3009498+4000721,0.6666666666666666
4000352+3001637,0.6666666666666666
3005988+4010261,0.6666666666666666
3007117+4010312,0.6666666666666666
3003894+4010973,0.6666666666666666
4010293+3007077,0.6666666666666666
4008721+3001308,0.6666666666666666
3000464+4003628,0.6666666666666666
4009323+3005144,0.6666666666666666
4009178+3004165,0.6666666666666666
3009639+4005777,0.6666666666666666
4000694+3008569,0.6666666666666666
4007936+3000337,0.6666666666666666
4010252+3005799,0.6666666666666666
4010253+3007083,0.6666666666666666
3003615+4010326,0.6666666666666666
3004375+4006191,0.6666666666666666
4010155+3004129,0.6666666666666666
3004433+4004426,0.6666666666666666
3001426+4001004,0.6666666666666666
4008068+3004075,0.6666666666666666
3002569+4009731,0.6666666666666666
3002102+4003499,0.6666666666666666
3000855+4003255,0.6666666666666666
3009205+4010064,0.6666666666666666
3005315+4004710,0.6666666666666666
3000550+4011138,0.6666666666666666
3004326+4008077,0.6666666666666666
3000740+4010537,0.6666666666666666
3007115+4004873,0.6666666666666666
3004235+4003315,0.6666666666666666
4012074+3002943,0.6666666666666666
4007570+3005397,0.6666666666666666
4003899+3001743,0.6666666666666666
4008931+3007078,0.6666666666666666
3006823+4010307,0.6666666666666666
4007720+3004060,0.6666666666666666
3004103+4010793,0.6666666666666666
3002631+4012080,0.6666666666666666
4006484+3004912,0.6666666666666666
4001025+3001309,0.6666666666666666
4007680+3003880,0.6666666666666666
3001285+4010511,0.6666666666666666
4010300+3006828,0.6666666666666666
3002692+4011000,0.6666666666666666
4008480+3002403,0.6666666666666666
3000581+4006978,0.6666666666666666
4007553+3005790,0.6666666666666666
3004408+4005475,0.6666666666666666
3004606+4006525,0.6666666666666666
3002099+4007290,0.6666666666666666
3005125+4009193,0.6666666666666666
4007465+3000722,0.6666666666666666
3005801+4005932,0.6666666666666666
4008464+3001676,0.6666666666666666
3001535+4005667,0.6666666666666666
3003123+4012034,0.6666666666666666
4011031+3003085,0.6666666666666666
4010509+3004816,0.6666666666666666
3005149+4011769,0.6666666666666666
4007748+3000507,0.6666666666666666
3006819+4007664,0.6666666666666666
3005176+4012017,0.6666666666666666
3002977+4008604,0.6666666666666666
3000680+4007477,0.6666666666666666
3003543+4005937,0.6666666666666666
3005893+4010213,0.6666666666666666
3005247+4007653,0.6666666666666666
4004768+3005224,0.6666666666666666
4006431+3005318,0.6666666666666666
3007310+4010258,0.6666666666666666
3008710+4011361,0.6666666666666666
3009756+4010283,0.6666666666666666
4006120+3007442,0.6666666666666666
4005364+3003829,0.6666666666666666
3002276+4008119,0.6666666666666666
3009192+4000316,0.6666666666666666
4006240+3006220,0.6666666666666666
4011395+3009760,0.6666666666666666
3006851+4009474,0.6666666666666666
4008886+3009650,0.6666666666666666
3004123+4007792,0.6666666666666666
4007682+3001677,0.6666666666666666
3006822+4004132,0.6666666666666666
3006312+4009070,0.6666666666666666
3006772+4007785,0.6666666666666666
4011454+3004132,0.6666666666666666
3008698+4011362,0.6666666666666666
3002771+4011460,0.6666666666666666
3005960+4011384,0.6666666666666666
3007019+4010305,0.6666666666666666
4011420+3003344,0.6666666666666666
4009087+3003786,0.6666666666666666
3001469+4009974,0.6666666666666666
3002129+4008009,0.6666666666666666
4008447+3002701,0.6666666666666666
3004743+4008006,0.6666666666666666
3004056+4000950,0.6666666666666666
3007215+4008985,0.6666666666666666
4010008+3000815,0.6666666666666666
4008947+3008234,0.6666666666666666
3006129+4008984,0.6666666666666666
3001382+4005668,0.6666666666666666
3004126+4008988,0.6666666666666666
3003783+4009101,0.6666666666666666
4007594+3003493,0.6666666666666666
3005059+4004539,0.6666666666666666
3005039+4006338,0.6666666666666666
4000328+3001307,0.6666666666666666
3005987+4008924,0.6666666666666666
3006090+4010350,0.6666666666666666
3000036+4010140,0.6666666666666666
3003854+4011713,0.6666666666666666
4001657+3008494,0.6666666666666666
3006795+4010508,0.6666666666666666
3006923+4011433,0.6666666666666666
4005510+3001171+4007337,0.6666666666666666
3005128+4008598,0.6666666666666666
3009519+4008971,0.6666666666666666
4008927+3007082,0.6666666666666666
4003558+3001304,0.6666666666666666
3005514+4010240,0.6666666666666666
4001876+3006215,0.6666666666666666
3004477+4010278,0.6666666666666666
4006022+3005877,0.6666666666666666
3004679+4009324,0.6666666666666666
4004448+3005229,0.6666666666666666
3004399+4008586,0.6666666666666666
3004543+4008543,0.6666666666666666
3001313+4000577,0.6666666666666666
3007218+4007703,0.6666666666666666
4009477+3003316,0.6666666666666666
4010353+3004164,0.6666666666666666
4007905+3004331,0.6666666666666666
3007116+4011437,0.6666666666666666
4006034+3003835,0.6666666666666666
4008442+3002429,0.6666666666666666
4007334+3001638,0.6666666666666666
3000809+4008779,0.6666666666666666
3001141+4007285,0.6666666666666666
4002624+3001804,0.6666666666666666
3000074+4011418,0.6666666666666666
4010572+3001347,0.6666666666666666
3000341+4010147,0.6666666666666666
3004150+4006347,0.6666666666666666
3002283+4010248,0.6666666666666666
3001333+4011325,0.6666666666666666
3002909+4011015,0.6666666666666666
3004090+4007985,0.6666666666666666
3009135+4003784,0.6666666666666666
4005432+3005031,0.6666666666666666
3004814+4011605,0.6666666666666666
3007182+4002395,0.6666666666666666
4012042+3003839,0.6666666666666666
4010590+3004744,0.6666666666666666
3004447+4005740,0.6666666666666666
4008915+3006824,0.6666666666666666
3005894+4011347,0.6666666666666666
3005797+4008918,0.6666666666666666
4008917+3003822,0.6666666666666666
3007549+4010639,0.6666666666666666
3005037+4011712,0.6666666666666666
3005047+4009314,0.6666666666666666
3004808+4001257,0.6666666666666666
4011321+3000701,0.6666666666666666
3002588+4006389,0.6666666666666666
3005804+4011379,0.6666666666666666
3000706+4009117,0.6666666666666666
3005004+4007888,0.6666666666666666
3000076+4010331,0.6666666666666666
4004363+3009588,0.6666666666666666
3004118+4004221,0.6666666666666666
4008039+3005251,0.6666666666666666
3003620+4011455,0.6666666666666666
4008076+3004794,0.6666666666666666
3007222+4011403,0.6666666666666666
4009126+3003609,0.6666666666666666
4007640+3004483,0.6666666666666666
3005171+4010654,0.6666666666666666
4010958+3002974,0.6666666666666666
3004610+4009093,0.6666666666666666
3007648+4010381,0.6666666666666666
3004544+4011735,0.6666666666666666
4004548+3005239,0.6666666666666666
3001770+4003506,0.6666666666666666
4002449+3005143,0.6666666666666666
4002450+3004439,0.6666666666666666
3005005+4006520,0.6666666666666666
3000763+4000516,0.6666666666666666
3004147+4004703,0.6666666666666666
3003583+4005704,0.6666666666666666
3006426+4009127,0.6666666666666666
3005048+4006410,0.6666666666666666
3001321+4000505,0.6666666666666666
4012065+3003184,0.6666666666666666
3000255+4000666,0.6666666666666666
4007456+3000514,0.6666666666666666
3003012+4012084,0.6666666666666666
3005510+4007732,0.6666666666666666
3003497+4009067,0.6666666666666666
4011030+3002733,0.6666666666666666
3001402+4008677,0.6666666666666666
3004607+4010379,0.6666666666666666
3000618+4010769,0.6666666666666666
3002232+4007505,0.6666666666666666
3002632+4010987,0.6666666666666666
3004415+4008940,0.6666666666666666
3001609+4008696,0.6666666666666666
3005504+4008137,0.6666666666666666
4001962+3004093,0.6666666666666666
4008529+3006661,0.6666666666666666
4007908+3004798,0.6666666666666666
3006454+4011360,0.6666666666666666
3005687+4009010,0.6666666666666666
4011715+3004747,0.6666666666666666
3003376+4007459,0.6666666666666666
3006962+4000060,0.6666666666666666
4010178+3000616,0.6666666666666666
4010239+3007299,0.6666666666666666
3005800+4010250,0.6666666666666666
3009745+4010279,0.6666666666666666
3007221+4010290,0.6666666666666666
4010361+3004671,0.6666666666666666
4006321+3005230,0.6666666666666666
4011626+3004819,0.6666666666666666
3006874+4003301,0.6666666666666666
3001320+4007488,0.6666666666666666
4008883+3009972,0.6666666666666666
4011307+3000308,0.6666666666666666
3005618+4006697,0.6666666666666666
3004653+4001853,0.6666666666666666
4008949+3006805,0.6666666666666666
3005421+4002173,0.6666666666666666
3003165+4009793,0.6666666666666666
3002121+4007410,0.6666666666666666
4005926+3002516,0.6666666666666666
4007706+3008957,0.6666666666666666
4006155+3008323,0.6666666666666666
3001571+4007545,0.6666666666666666
3000342+4008992,0.6666666666666666
3006054+4009008,0.6666666666666666
4009378+3004901,0.6666666666666666
3008847+4007554,0.6666666666666666
3007788+4011636,0.6666666666666666
3001361+4000584,0.6666666666666666
3005313+4002475,0.6666666666666666
4007156+3003614,0.6666666666666666
4011512+3003617,0.6666666666666666
4010060+3001329,0.6666666666666666
3004660+4006237,0.6666666666666666
4011683+3003097,0.6666666666666666
3007726+4007571,0.6666666666666666
3000670+4006121,0.6666666666666666
3005172+4011774,0.6666666666666666
4011465+3006396,0.6666666666666666
3004330+4009328,0.6666666666666666
4009168+3002658,0.6666666666666666
4009173+3004728,0.6666666666666666
4010616+3009449,0.6666666666666666
3001366+4011308,0.6666666666666666
4010274+3005513,0.6666666666666666
3000880+4010007,0.6666666666666666
4009011+3006056,0.6666666666666666
4007588+3007076,0.6666666666666666
4007924+3001944,0.6666666666666666
3003781+4007480,0.6666666666666666
3003167+4005351,0.6666666666666666
4004069+3001738,0.6666666666666666
3007080+4008930,0.6666666666666666
4009730+3002568,0.6666666666666666
3006832+4011430,0.6666666666666666
3007208+4012053,0.6666666666666666
3000821+4010009,0.6666666666666666
3003320+4012079,0.6666666666666666
3000363+4005479,0.6666666666666666
4009979+3005890,0.6666666666666666
4011581+3005032,0.6666666666666666
4008842+3000804,0.6666666666666666
3006614+4004442,0.6666666666666666
3004160+4008005,0.6666666666666666
3000483+4005930,0.6666666666666666
4007284+3000652,0.6666666666666666
3005225+4003972,0.6666666666666666
4001854+3005001,0.6666666666666666
4011263+3001644,0.6666666666666666
4007101+3003074,0.6666666666666666
3006023+4007668,0.6666666666666666
4007750+3007542,0.6666666666666666
4009017+3002910,0.6666666666666666
3002875+4010983,0.6666666666666666
4010338+3002756,0.6666666666666666
3004473+4008923,0.6666666666666666
3005338+4009309,0.6666666666666666
4010376+3003494,0.6666666666666666
4011443+3006060,0.6666666666666666
3001138+4000546,0.6666666666666666
4012110+3003378,0.6666666666666666
3004668+4010368,0.6666666666666666
4010976+3002869,0.6666666666666666
4006650+3004790,0.6666666666666666
3004920+4009925,0.6666666666666666
3007112+4011438,0.6666666666666666
3001901+4003676,0.6666666666666666
4008850+3000613,0.6666666666666666
3000086+4010365,0.6666666666666666
3003883+4007075,0.6666666666666666
3005986+4010272,0.6666666666666666
4011110+3006377,0.7
4008150+3002912,0.7
4003482+3004835,0.7
4011154+3007653,0.7
4007251+3006607,0.7
4007400+3008828,0.7
3006483+4007238,0.7
3009728+4002478,0.7
3004767+4009423,0.7
4010047+3001639,0.7
3007907+4005486,0.7
3007081+4011407,0.7
3007590+4008659,0.7
3001589+4010191,0.7
4005713+3000472,0.7
4011153+3007652,0.7
3006375+4011108,0.7
3001286+4011241,0.7
3001220+4007433,0.7
4007675+3006957,0.7
4011121+3006284,0.7
4008694+3009212,0.7
3001441+4003631,0.7
3009859+4009834,0.7
3007649+4011151,0.7
3004587+4009333,0.7
3005438+4011599,0.7
3006404+4011104,0.7
4008461+3004012+4004424,0.7142857142857142
3001132+4000983,0.7142857142857143
3004599+4004226,0.7142857142857143
4009755+3004175,0.7142857142857143
4008021+3004318,0.7142857142857143
3009096+4006065,0.7142857142857143
3000409+4011273,0.7142857142857143
4008010+3006003,0.7142857142857143
3001624+4007328,0.7142857142857143
3005779+4003276,0.7142857142857143
3009515+4000029,0.7142857142857143
4004570+3005150,0.7142857142857143
4003825+3000598,0.7142857142857143
3005961+4008980,0.7142857142857143
3002873+4001012,0.7142857142857143
4006085+3005497,0.7142857142857143
4005858+3007632,0.7142857142857143
3007001+4007620,0.7142857142857143
3000822+4007598,0.7142857142857143
4007694+3000327,0.7142857142857143
3006934+4000945,0.7142857142857143
3005179+4008049,0.7142857142857143
3002928+4003237,0.7142857142857143
3000874+4000768,0.7142857142857143
3000503+4007514,0.7142857142857143
3004310+4007918,0.7142857142857143
3004715+4005986,0.7142857142857143
3006781+4003951,0.7142857142857143
3006124+4001736,0.7142857142857143
3001557+4007513,0.7142857142857143
3007318+4001238,0.7142857142857143
4010991+3003749,0.7142857142857143
3001133+4000603,0.7142857142857143
4006060+3000726,0.7142857142857143
3006244+4004214,0.7142857142857143
3001569+4007516,0.7142857142857143
3000316+4007036,0.7142857142857143
4005802+3001226,0.7142857142857143
4004639+3006010,0.7142857142857143
3004740+4007529,0.7142857142857143
3008693+4005689,0.7142857142857143
4005929+3007172,0.7142857142857143
4000463+3000748,0.7142857142857143
3004189+4003265,0.7142857142857143
4004418+3004231,0.7142857142857143
3005319+4004423,0.7142857142857143
3008299+4000539,0.7142857142857143
4003854+3001761,0.7142857142857143
4005979+3001130,0.7142857142857143
4007793+3004405,0.7142857142857143
4001973+3002705,0.7142857142857143
3000354+4000759,0.7142857142857143
4001239+3001365,0.7142857142857143
4008882+3000844,0.7142857142857143
3004539+4007879,0.7142857142857143
3009183+4001009,0.7142857142857143
4003528+3009126,0.7142857142857143
3004532+4004680,0.7142857142857143
4006307+3005145,0.7142857142857143
4001637+3000126,0.7142857142857143
3002556+4003141,0.7142857142857143
4001252+3006050,0.7142857142857143
4003117+3002523,0.7142857142857143
4001915+3000182,0.7142857142857143
3004398+4001609,0.7142857142857143
3008317+4001242,0.7142857142857143
3003170+4012061,0.7142857142857143
4010470+3005063,0.7142857142857143
3004321+4004804,0.7142857142857143
4010394+3004491,0.7142857142857143
3004078+4007115,0.7142857142857143
3004112+4004310,0.7142857142857143
3009207+4008675,0.7142857142857143
3000691+4003832,0.7142857142857143
4006488+3001803,0.7142857142857143
3005228+4002194,0.7142857142857143
3007642+4004330,0.7142857142857143
3003771+4004282,0.7142857142857143
4004239+3004413,0.7142857142857143
4004560+3003050,0.7142857142857143
3001658+4000831,0.7142857142857143
3006653+4006228,0.7142857142857143
4000826+3001150,0.7142857142857143
3000484+4003828,0.7142857142857143
4006040+3006013,0.7142857142857143
3000318+4004224,0.7142857142857143
3004670+4004367,0.7142857142857143
3009641+4007316,0.7142857142857143
4003893+3000704,0.7142857142857143
4004883+3005495,0.7142857142857143
4011017+3002848,0.7142857142857143
4011185+3000359,0.7142857142857143
3004039+4009089,0.7142857142857143
4006093+3002363,0.7142857142857143
4008680+3000378,0.7142857142857143
4010653+3005154,0.7142857142857143
3003365+4008448,0.7142857142857143
4002219+3002620,0.7142857142857143
3007537+4008132,0.7142857142857143
3004216+4008061,0.7142857142857143
4001081+3002125,0.7142857142857143
3004661+4009026,0.7142857142857143
4001467+3004514,0.7142857142857143
4001753+3005022,0.7142857142857143
3007064+4007635,0.7142857142857143
3006227+4006670,0.7142857142857143
3009117+4011422,0.7142857142857143
4000946+3005660,0.7142857142857143
3001000+4000026,0.7142857142857143
3009820+4000470,0.7142857142857143
3004745+4002200,0.7142857142857143
3001594+4010188,0.7142857142857143
3003002+4005305,0.7142857142857143
4001078+3000526,0.7142857142857143
3001131+4009393,0.7142857142857143
4009752+3002338,0.7142857142857143
4003602+3000269,0.7142857142857143
3001143+4000627,0.7142857142857143
3005955+4008884,0.7142857142857143
4010579+3004519,0.7142857142857143
4005735+3005166,0.7142857142857143
3004755+4001518,0.7142857142857143
3009511+4001564,0.7142857142857143
3004244+4011547,0.7142857142857143
4001535+3000084,0.7142857142857143
4008872+3003805,0.7142857142857143
3006072+4007229,0.7142857142857143
4001616+3000511,0.7142857142857143
3005796+4006178,0.7142857142857143
3007661+4009073,0.7142857142857143
3007246+4006053,0.7142857142857143
4001106+3003713,0.7142857142857143
3004741+4007896,0.7142857142857143
3000356+4000468,0.7142857142857143
4002516+3007098,0.7142857142857143
3001148+4000459,0.7142857142857143
3001222+4005850,0.7142857142857143
3004355+4009111,0.7142857142857143
3001798+4009392,0.7142857142857143
4001504+3006903,0.7142857142857143
3002971+4005316,0.7142857142857143
3001236+4001065,0.7142857142857143
4007981+3005215,0.7142857142857143
4006209+3004605,0.7142857142857143
3004045+4004253,0.7142857142857143
4000980+3001128,0.7142857142857143
4001129+3000750,0.7142857142857143
3006000+4007624,0.7142857142857143
4001634+3008269,0.7142857142857143
3009087+4004026,0.7142857142857143
3003426+4004137,0.7142857142857143
3008260+4010206,0.7142857142857143
4005936+3006879,0.7142857142857143
3007198+4006478,0.7142857142857143
3000564+4003135,0.7142857142857143
3001298+4003977,0.7142857142857143
3000871+4000841,0.7142857142857143
3000817+4008538,0.7142857142857143
4009758+3002590,0.7142857142857143
3002337+4006993,0.7142857142857143
4003836+3006040,0.7142857142857143
3001890+4010102,0.7142857142857143
3001928+4004256,0.7142857142857143
3005123+4007922,0.7142857142857143
3001372+4005877,0.7142857142857143
4009377+3004904,0.7142857142857143
3002088+4010036,0.7142857142857143
4004141+3005991,0.7142857142857143
4007507+3001669,0.7142857142857143
4000824+3001305,0.7142857142857143
3004602+4010003,0.7142857142857143
4009060+3004492,0.7142857142857143
3006339+4007486,0.7142857142857143
4004352+3003768,0.7142857142857143
3003297+4010592,0.7142857142857143
4007839+3000818,0.7142857142857143
4010150+3000713,0.7142857142857143
3000806+4008905,0.7142857142857143
3004513+4009058,0.7142857142857143
4010171+3002124,0.7142857142857143
3007097+4007525,0.7142857142857143
4009077+3004239,0.7142857142857143
4009030+3008692,0.7142857142857143
4000307+3009631,0.7142857142857143
3008258+4008962,0.7142857142857143
3004720+4004223,0.7142857142857143
4009751+3008158,0.7142857142857143
3009497+4000422,0.7142857142857143
3009748+4006037,0.7142857142857143
4005893+3002272,0.7142857142857143
4009970+3000249,0.7142857142857143
3002244+4001743,0.7142857142857143
4007727+3003481,0.7142857142857143
4003603+3001795,0.7142857142857143
3000632+4003872,0.7142857142857143
3001330+4007687,0.7142857142857143
4010370+3003591,0.7142857142857143
3004313+4002301,0.7142857142857143
4001324+3004043,0.7142857142857143
3002264+4000961,0.7142857142857143
3004366+4011508,0.7142857142857143
3001550+4007533,0.7142857142857143
4001593+3002419,0.7142857142857143
3000849+4001508,0.7142857142857143
4009121+3002745,0.7142857142857143
3006004+4007689,0.7142857142857143
4000292+3001369,0.7142857142857143
4006140+3007213,0.7142857142857143
3005118+4000007,0.7142857142857143
4009088+3004046,0.7142857142857143
4008928+3007066,0.7142857142857143
4009732+3005110,0.7142857142857143
4001896+3005035,0.7142857142857143
4010144+3000528,0.7142857142857143
3009739+4001363,0.7142857142857143
3003760+4007801,0.7142857142857143
4002218+3003061,0.7142857142857143
3005158+4005449,0.7142857142857143
4008770+3009499,0.7142857142857143
4001108+3000641,0.7142857142857143
3004137+4007941,0.7142857142857143
3004788+4001350,0.7142857142857143
4008880+3000854,0.7142857142857143
3003300+4004910,0.7142857142857143
4006122+3008228,0.7142857142857143
4003834+3000321,0.7142857142857143
4005907+3000537,0.7142857142857143
3008955+4006047,0.7142857142857143
4008011+3005243,0.7142857142857143
4009931+3001607,0.7142857142857143
4004129+3008447,0.7142857142857143
3005773+4007468,0.7142857142857143
3004893+4006632,0.7142857142857143
4005879+3001858,0.7142857142857143
3004516+4011415,0.7142857142857143
3004465+4001309,0.7142857142857143
3000315+4010146,0.7142857142857143
3004411+4000028,0.7142857142857143
4008893+3001129,0.7142857142857143
3004793+4009222,0.7142857142857143
3005943+4007568,0.7142857142857143
3002886+4008466,0.7142857142857143
4007661+3006021,0.7142857142857143
3000287+4003476,0.7142857142857143
3004521+4010559,0.7142857142857143
3002764+4007724,0.7142857142857143
4001403+3008261,0.7142857142857143
3006640+4004112,0.7142857142857143
4001911+3002591,0.7142857142857143
3005954+4006148,0.7142857142857143
4003856+3001367,0.7142857142857143
4001569+3003544,0.7142857142857143
4006392+3004542,0.7142857142857143
3000861+4000699,0.7142857142857143
3004016+4005780,0.7142857142857143
3001357+4000913,0.7142857142857143
4000072+3004229,0.7142857142857143
4009770+3002787,0.7142857142857143
3004531+4006500,0.7142857142857143
3006807+4007555,0.7142857142857143
4001390+3007100,0.7142857142857143
4005856+3001600,0.7142857142857143
3005942+4004020,0.7142857142857143
3000320+4011292,0.7142857142857143
4010371+3004669,0.7142857142857143
3000530+4004062,0.7142857142857143
3000569+4007744,0.7142857142857143
3005108+4009188,0.7142857142857143
4004889+3002676,0.7142857142857143
3004895+4004769,0.7142857142857143
3006929+4004110,0.7142857142857143
3001929+4001096,0.7142857142857143
4008450+3001082,0.7142857142857143
4006176+3003668,0.7142857142857143
3000690+4003939,0.7142857142857143
3001898+4007403,0.7142857142857143
4000650+3000415,0.7142857142857143
4008443+3001610,0.7142857142857143
3002430+4007714,0.7142857142857143
4006434+3003073,0.7142857142857143
4007028+3002607,0.7142857142857143
4006618+3007934,0.7142857142857143
4007482+3000521,0.7142857142857143
3004111+4010380,0.7142857142857143
4011352+3007007,0.7142857142857143
4002805+3002746,0.7142857142857143
3006812+4008956,0.7142857142857143
4006152+3005485,0.7142857142857143
3004796+4011623,0.7142857142857143
4011179+3001525,0.7142857142857143
3000653+4008080,0.7142857142857143
4001826+3004141,0.7142857142857143
4001039+3001524,0.7142857142857143
4000381+3001306,0.7142857142857143
4011585+3005051,0.7142857142857143
3004218+4006105,0.7142857142857143
3005498+4010280,0.7142857142857143
3007315+4004068,0.7142857142857143
3003537+4006446,0.7142857142857143
4009739+3002617,0.7142857142857143
3001223+4006005,0.7142857142857143
4007574+3006951,0.7142857142857143
3001202+4005620,0.7142857142857143
4010134+3000811,0.7142857142857143
3005783+4005447,0.7142857142857143
4007935+3004166,0.7142857142857143
4004081+3008325,0.7142857142857143
3006007+3006034+4001376,0.7142857142857143
4001091+3009642,0.7142857142857143
4003934+3000663,0.7142857142857143
4006165+3006924,0.7142857142857143
3002132+4005972,0.7142857142857143
3001240+4000448,0.7142857142857143
4003217+3000644,0.7142857142857143
3001364+4008873,0.7142857142857143
4005360+3007440,0.7142857142857143
3001349+4006688,0.7142857142857143
3002702+4010994,0.7142857142857143
3003589+4001528,0.7142857142857143
3002829+4006066,0.7142857142857143
4001479+3004052,0.7142857142857143
4010265+3006044,0.7142857142857143
4010057+3001327,0.7142857142857143
4010363+3004677,0.7142857142857143
3004048+4004193,0.7142857142857143
3004545+4007852,0.7142857142857143
4006267+3003607,0.7142857142857143
3001257+4011239,0.7142857142857143
3000487+4000615,0.7142857142857143
4000341+3008321,0.7142857142857143
4007627+3005938,0.7142857142857143
3000791+4003930,0.7142857142857143
3004664+4011535,0.7142857142857143
3004210+4004670,0.7142857142857143
3001362+4007542,0.7142857142857143
3002246+4002296,0.7142857142857143
4004143+3000857,0.7142857142857143
4008475+3001205,0.7142857142857143
4011441+3006038,0.7142857142857143
4008120+3003528,0.7142857142857143
3002066+4005670,0.7142857142857143
3004115+4003850,0.7142857142857143
3006932+4004042,0.7142857142857143
3003541+4006337,0.7142857142857143
3006811+4010302,0.7142857142857143
3000831+4001482,0.7142857142857143
3004369+4006203,0.7142857142857143
3004546+4001471,0.7142857142857143
3003536+4001871,0.7142857142857143
4000012+3006132,0.7142857142857143
3008290+4004142,0.7142857142857143
3005972+4001437,0.7142857142857143
3003601+4010369,0.7142857142857143
4001935+3004434,0.7142857142857143
4006096+3008297,0.7142857142857143
3002737+4010984,0.7142857142857143
4010560+3004538,0.7142857142857143
4009375+3001579,0.7142857142857143
3000345+4003937,0.7142857142857143
4001449+3000630,0.7142857142857143
4002954+3009741,0.7142857142857143
4000363+3001300,0.7142857142857143
4004309+3000824,0.7142857142857143
3007104+4007695,0.7142857142857143
3005884+4006249,0.7142857142857143
4010273+3001565,0.7142857142857143
3007778+4006447,0.7142857142857143
3005979+4008965,0.7142857142857143
3004069+4006541,0.7142857142857143
4002208+3004148,0.7142857142857143
3007135+4001862,0.7142857142857143
3000797+4005256,0.7142857142857143
4003789+3001435,0.7142857142857143
3002962+4003816,0.7142857142857143
3006935+4006028,0.7142857142857143
4005892+3000846,0.7142857142857143
4008683+3000348,0.7142857142857143
4000981+3001737,0.7142857142857143
3004367+4000190,0.7142857142857143
4001337+3006804,0.7142857142857143
4008847+3000705,0.7142857142857143
3004110+4001532,0.7142857142857143
4004669+3004253,0.7142857142857143
3003476+4004242,0.7142857142857143
3005882+4006665,0.7142857142857143
3000631+4000712,0.7142857142857143
3003001+4003123,0.7142857142857143
4001061+3000414,0.7142857142857143
4007335+3000381,0.7142857142857143
4001817+3007673,0.7142857142857143
3001440+4007302,0.7142857142857143
3009184+4000304,0.7142857142857143
3002332+4007712,0.7142857142857143
4000380+3001900,0.7142857142857143
4001137+3000368,0.7142857142857143
4000916+3004151,0.7142857142857143
3004721+4007874,0.7142857142857143
3003525+4002421,0.7142857142857143
4003859+3000853,0.7142857142857143
3005003+4011672,0.7142857142857143
4004051+3004049,0.7142857142857143
3008229+4007665,0.7142857142857143
3006852+4001397,0.7142857142857143
3008893+4009733,0.7142857142857143
3004306+4002289,0.7142857142857143
4011034+3002603,0.7142857142857143
3005496+4005886,0.7142857142857143
3005046+4006440,0.7142857142857143
4006184+3000038,0.7142857142857143
4004280+3002747,0.7142857142857143
4004254+3002519,0.7142857142857143
3005665+4006019,0.7142857142857143
3009082+4009780,0.7142857142857143
3004801+4001334,0.7142857142857143
3003576+4008506,0.7142857142857143
4008431+3006358,0.7142857142857143
3006933+4010073,0.7142857142857143
4001226+3001225,0.7142857142857143
3004009+4003861,0.7142857142857143
3003772+4000314,0.7142857142857143
4004272+3004665,0.7142857142857143
4003757+3001312,0.7142857142857143
3007119+4009037,0.7142857142857143
3002893+4003042,0.7142857142857143
4010384+3000628,0.7142857142857143
4008561+3007663,0.7142857142857143
3004522+4009290,0.7142857142857143
3004327+4001947,0.7142857142857143
4001094+3004121,0.7142857142857143
3000371+4007512,0.7142857142857143
4010132+3001126,0.7142857142857143
3006651+4000345,0.7142857142857143
3001460+4000975,0.7142857142857143
3004726+4001740,0.7142857142857143
3007209+4006654,0.7142857142857143
4003938+3000399,0.7142857142857143
4004848+3005241,0.7142857142857143
4004093+3006022,0.7142857142857143
3002537+4009720,0.7142857142857143
3005387+4007669,0.7142857142857143
3001726+4003698,0.7142857142857143
3000702+4010157,0.7142857142857143
4007798+3003680,0.7142857142857143
3001353+4005424,0.7142857142857143
4006084+3008287,0.7142857142857143
4008479+3002958,0.7142857142857143
3004590+4004248,0.7142857142857143
4005440+3006847,0.7142857142857143
3000563+4001032,0.7142857142857143
3001303+4000500,0.7142857142857143
3004404+4011529,0.7142857142857143
4010136+3000559,0.7142857142857143
3001666+4007736,0.7142857142857143
4004708+3004214,0.7142857142857143
3003669+4004259,0.7142857142857143
4005988+3004120,0.7142857142857143
4000948+3000788,0.7142857142857143
4006916+3000724,0.7142857142857143
3006869+4005942,0.7142857142857143
3008393+4001235,0.7142857142857143
3004662+4007753,0.7142857142857143
3007137+4008933,0.7142857142857143
3002373+4012081,0.7142857142857143
3001674+4010126,0.7142857142857143
4001347+3003483,0.7142857142857143
4004417+3005127,0.7142857142857143
4009151+3002652,0.7142857142857143
4007031+3003356,0.7142857142857143
4009006+3008275,0.7142857142857143
3003304+4003240,0.7142857142857143
3005113+4000009,0.7142857142857143
4008064+3004232,0.7142857142857143
3005872+4004018,0.7142857142857143
4005508+3001675,0.7142857142857143
3000265+4003674,0.7142857142857143
3002750+4000968,0.7142857142857143
3004241+4001620,0.7142857142857143
3005852+4001686,0.7142857142857143
3000863+4000646,0.7142857142857143
4003803+3001604,0.7142857142857143
3002520+4005304,0.7142857142857143
3008394+4003028,0.7142857142857143
4003529+3009361,0.7142857142857143
4011098+3006401,0.7142857142857143
3005794+4000944,0.7142857142857143
3002364+4003110,0.7142857142857143
4005857+3000612,0.7142857142857143
4009157+3004666,0.7142857142857143
4010425+3004594,0.7142857142857143
3000784+4001079,0.7142857142857143
4010151+3000723,0.7142857142857143
4012058+3003176,0.7142857142857143
3001572+4009155,0.7142857142857143
4008854+3004409,0.7142857142857143
4003517+3000568,0.7142857142857143
3003088+4007952,0.7142857142857143
4000971+3009646,0.7142857142857143
3001670+4001067,0.7142857142857143
4006330+3004094,0.7142857142857143
3002753+4004236,0.7142857142857143
3008265+4001267,0.7142857142857143
4001522+3004657,0.7142857142857143
3002681+4004453,0.7142857142857143
3001599+4000802,0.7142857142857143
4004340+3004360,0.7142857142857143
3000384+4003884,0.7142857142857143
4004613+3004440,0.7142857142857143
3005508+4007558,0.7142857142857143
3000178+4011582,0.7142857142857143
3005126+4001941,0.7142857142857143
3004233+4005888,0.7142857142857143
3007005+4006103,0.7142857142857143
4000498+3007383,0.7142857142857143
4001052+3002855,0.7142857142857143
3005002+4001767,0.7142857142857143
3003983+4007059,0.7142857142857143
4004393+3004428,0.7142857142857143
3009746+4006922,0.7142857142857143
4009147+3002647,0.7142857142857143
3000285+4007397,0.7142857142857143
3000651+4004054,0.7142857142857143
4002029+3008404,0.7142857142857143
4010977+3008164,0.7142857142857143
4007199+3006783,0.7142857142857143
3004603+4006256,0.7142857142857143
4006189+3003472,0.7142857142857143
4005977+3001233,0.7142857142857143
3005311+4004568,0.7142857142857143
3005115+4011571,0.7142857142857143
4001248+3004528,0.7142857142857143
4006195+3007431,0.7142857142857143
3000709+4006259,0.7142857142857143
3001596+4001263,0.7142857142857143
3005873+4001220,0.7142857142857143
4003579+3000594,0.7142857142857143
4008926+3007065,0.7142857142857143
3005935+4008979,0.7142857142857143
3005328+4001791,0.7142857142857143
3000852+4001069,0.7142857142857143
4001727+3004824,0.7142857142857143
4008925+3007063,0.7142857142857143
4000990+3001422,0.7142857142857143
4001589+3003780,0.7142857142857143
3002424+4004245,0.7142857142857143
4001041+3004074,0.7142857142857143
3004138+4006514,0.7142857142857143
3003767+4006266,0.7142857142857143
3001797+4000756,0.7142857142857143
3007975+4002365,0.7142857142857143
3007203+4000958,0.7142857142857143
3001142+4005966,0.7142857142857143
4005959+3000538,0.7142857142857143
3004102+4001551,0.7142857142857143
3005958+4004410,0.7142857142857143
3000693+4008852,0.7142857142857143
3000841+4011227,0.7142857142857143
4001436+3005889,0.7142857142857143
3000751+4003688,0.7142857142857143
4005746+3001339,0.7142857142857143
4000977+3000579,0.7142857142857143
3006126+4006223,0.7142857142857143
3004315+4002063,0.7142857142857143
3000288+4006433,0.7142857142857143
3006638+4001443,0.7142857142857143
4000013+3003603,0.7142857142857143
3001310+4000863,0.7142857142857143
3001802+4000752,0.7142857142857143
4001548+3004792,0.7142857142857143
3006422+4000932,0.7142857142857143
4000904+3003107,0.7142857142857143
3001454+4000239,0.7142857142857143
4011245+3001260,0.7142857142857143
3003559+4006339,0.7142857142857143
3005223+4011686,0.7142857142857143
3000351+4000654,0.7142857142857143
3004727+4004400,0.7142857142857143
3004117+4005693,0.7142857142857143
3001563+4004039,0.7142857142857143
3000686+4006175,0.7142857142857143
4007474+3000614,0.7142857142857143
4010409+3004041,0.7142857142857143
4001601+3002641,0.7142857142857143
3005658+4010319,0.7142857142857143
3000827+4008676,0.7142857142857143
4010967+3005505,0.7142857142857143
3003596+4011495,0.7142857142857143
4008592+3000829,0.7142857142857143
4006301+3003606,0.7142857142857143
3003477+4004375,0.7142857142857143
3005437+4010626,0.7142857142857143
3006015+4010269,0.7142857142857143
4005738+3000836,0.7142857142857143
4004217+3002767,0.7142857142857143
3004432+4002286,0.7142857142857143
3005147+4011768,0.7142857142857143
3009737+4001343,0.7142857142857143
3009086+4004059,0.7142857142857143
3000642+4000508,0.7142857142857143
3000322+4001510,0.7142857142857143
3000592+4001733,0.7142857142857143
3000851+4008881,0.7142857142857143
4001899+3000504,0.7142857142857143
3006945+4002834,0.7142857142857143
4006038+3006815,0.7142857142857143
4003526+3000754,0.7142857142857143
4003955+3005416,0.7142857142857143
4007471+3006137,0.7142857142857143
4002427+3005042,0.7142857142857143
3001274+4000312,0.7142857142857143
4007042+3000461,0.7142857142857143
3008147+4000015,0.7142857142857143
3006658+4000081,0.7142857142857143
3004722+4011711,0.7142857142857143
4007610+3008284,0.7142857142857143
3008268+4006035,0.7142857142857143
3006051+4004128,0.7142857142857143
3005006+4009738,0.7142857142857143
4007580+3007300,0.7142857142857143
4003857+3001863,0.7142857142857143
3005936+4001571,0.7142857142857143
3004037+4006210,0.7142857142857143
3004144+4006477,0.7142857142857143
4003969+3000488,0.7142857142857143
3000820+4010004,0.7142857142857143
4000911+3007914,0.7142857142857143
3007290+4001256,0.7142857142857143
4010945+3004891,0.7142857142857143
3001264+4010162,0.7142857142857143
3005713+4000889,0.7142857142857143
4010651+3005152,0.7142857142857143
4003845+3001354,0.7142857142857143
4011673+3004995,0.7142857142857143
3003762+4007819,0.7142857142857143
3002199+4001127,0.7142857142857143
3002972+4008478,0.7142857142857143
3009744+4006917,0.7142857142857143
3001424+4000753,0.7142857142857143
3003474+4004312,0.7142857142857143
3001323+4006761,0.7142857142857143
3007062+4007625,0.7142857142857143
3001241+4002017,0.7142857142857143
4004415+3005045,0.7142857142857143
3005944+4004148,0.7142857142857143
4005901+3001151,0.7142857142857143
4007030+3009747,0.7142857142857143
3002259+4006016,0.7142857142857143
4006048+3005392,0.7142857142857143
3006037+4001956,0.7142857142857143
3005417+4004436,0.7142857142857143
4009875+3007041,0.75
3001188+4011193,0.75
4010034+3001715,0.75
4011290+3000812,0.75
4002386+3005141,0.75
3000734+4008869,0.75
4003371+3006530,0.75
4011133+3006474,0.75
4011188+3001720,0.75
3001410+4011285,0.75
3006357+4011107,0.75
3002762+4010421,0.75
4010083+3000765,0.75
3001474+4010001,0.75
4008566+3006393,0.75
3006419+4005513,0.75
3006315+4009949,0.75
4007805+3004609,0.75
3006665+4011158,0.75
3006399+4009888,0.75
3008210+4011964,0.75
4007904+3005342,0.75
4011084+3007551,0.75
3000433+4010030,0.75
3007512+4005809,0.75
3005221+4011699,0.75
3010088+4009417,0.75
4005672+3004829,0.75
4008792+3009130,0.75
3001773+4008892,0.75
3007745+4003053,0.75
3009139+4005739,0.75
4011155+3007651,0.75
4000273+3006480,0.75
3006985+4011038,0.75
4000578+3001172,0.75
4005627+3000400,0.75
4008654+3007519,0.75
4011156+3006659,0.75
4003805+3009411,0.75
3006445+4010764,0.75
4012099+3003319,0.75
4008782+3000457,0.75
3003380+4012049,0.75
3007517+4009851,0.75
4003507+3009961,0.75
4011272+3009322,0.75
4009992+3001468,0.75
4007152+3001467,0.75
4008970+3009740,0.75
3004579+4007998,0.75
3002122+4008817,0.75
3000496+4002665,0.75
3001252+4007803,0.75
4011042+3006351,0.75
4011128+3007692,0.75
4005969+3001381,0.75
3000659+4000774,0.75
3006971+4007234,0.75
4011167+3006079,0.75
4008609+3006541,0.75
3004376+4010401,0.75
3004260+4011478,0.75
4000530+3009133,0.75
4010071+3001491,0.75
4007066+3008176,0.75
3006368+4008602,0.75
3006870+4009896,0.75
3001581+4008804,0.75
4011209+3001318,0.75
3001498+4009858,0.75
3006597+4008554,0.75
4007325+3001878,0.75
4001381+3009153,0.75
3006421+4008558,0.75
3003430+4002088,0.75
3006346+4009870,0.75
4011278+3001396,0.75
3005685+4011390,0.75
4007187+3009509,0.75
3003411+4006501,0.75
3009481+4010750,0.75
4011086+3007556,0.75
3006066+4011444,0.75
4007321+3000339,0.75
3007677+4009830,0.75
3007016+4010223,0.75
4000872+3001752,0.75
4007162+3006663,0.75
4009897+3007670,0.75
3001750+4003035,0.75
4011047+3006587,0.75
3001882+4010069,0.75
3001466+4007374,0.75
3002181+4008714,0.75
3007518+4008657,0.75
4007308+3001533,0.75
4011165+3006083,0.75
3008852+4008987,0.75
4009828+3006859,0.75
3009209+4005666,0.75
3008861+4002761,0.75
3009521+4011218,0.75
3001774+4009932,0.75
3009976+4005640,0.75
3006362+4005446,0.75
4000180+3006970,0.75
3004651+4002283,0.75
3007553+4011092,0.75
4003747+3009964,0.75
4005270+3007937,0.75
3000675+4005676,0.75
4008818+3001786,0.75
4011102+3006519,0.75
4003700+3009204,0.75
3001762+4000513,0.75
3008402+4009886,0.75
4001401+3007013,0.75
4000561+3001204,0.75
3006438+4008541,0.75
4005795+3001913,0.75
3005952+4004892,0.75
3000266+4007307,0.75
4005718+3000658,0.75
3000459+4000435,0.75
3007888+4000215,0.75
3001442+4010025,0.75
3007020+4011357,0.75
4010065+3008607,0.75
4011199+3004065,0.75
3001881+4010068,0.75
4008212+3009683,0.75
4010046+3001897,0.75
3000397+4008747,0.75
3006999+4010221,0.75
3001245+4007366,0.75
4000758+3001283,0.75
3007669+4009852,0.75
4008001+3005254,0.75
4009958+3007591,0.75
3006313+4010049,0.75
3002022+4011119,0.75
3000264+4009971,0.75
3001433+4007439,0.75
3010105+4006972,0.75
3001531+4005787,0.75
4010486+3005430,0.75
4011079+3006860,0.75
3001514+4003474,0.75
4003701+3009206,0.75
3005511+4007560,0.75
3009286+4008811,0.75
3009517+4010193,0.75
3006485+4005589,0.75
3000295+4000478,0.75
3009271+4005652,0.75
4010088+3000772,0.75
4010682+3003843,0.75
3006647+4001295,0.75
3006981+4000214,0.75
4010117+3001648,0.75
4000199+3007820,0.75
3002188+4007305,0.75
4011195+3001446,0.75
3006843+4003303,0.75
3003524+4009211,0.75
3007521+4009933,0.75
4000394+3009300,0.75
4011085+3006391,0.75
3007682+4009901,0.75
4010067+3001883,0.75
3005669+4002819,0.75
3001249+4008753,0.75
3008811+4000959,0.75
3006316+4009947,0.75
3004370+4010400,0.75
4003807+3001625,0.75
3001868+4005767,0.75
3009559+3009562+4005679,0.7777777777777777
3001682+4003796,0.7857142857142857
3006965+4000209,0.7857142857142857
3002021+4007189,0.7857142857142857
3002233+4001823,0.7857142857142857
4008571+3006392,0.7857142857142857
4001632+3003593,0.7857142857142857
3007033+4007268,0.7857142857142857
3006920+4005429,0.7857142857142857
4000817+3009197,0.7857142857142857
3005249+4008160,0.7857142857142857
3000785+4001055,0.7857142857142857
3005719+4006677,0.7857142857142857
3000256+4003463,0.7857142857142857
4004331+3006902,0.7857142857142857
3000749+4003687,0.7857142857142857
3006114+4007207,0.7857142857142857
3005304+4002174,0.7857142857142857
3008218+4001406,0.7857142857142857
3006476+4000419,0.7857142857142857
4003548+3001160,0.7857142857142857
3009208+4000647,0.7857142857142857
4000606+3001725,0.7857142857142857
3008192+4002866,0.7857142857142857
3009625+4005662,0.7857142857142857
3000452+4000607,0.7857142857142857
3002238+4000467,0.7857142857142857
4003801+3001717,0.7857142857142857
3006778+4009877,0.7857142857142857
3000037+4006285,0.7857142857142857
4007394+3001165,0.7857142857142857
4002127+3003102,0.7857142857142857
4006004+3001657,0.7857142857142857
4007254+3007508,0.7857142857142857
4003405+3004757,0.7857142857142857
4008728+3001453,0.7857142857142857
4000240+3008928,0.7857142857142857
3001906+4008814,0.7857142857142857
4001537+3002649,0.7857142857142857
3001234+4001669,0.7857142857142857
4005812+3002251,0.7857142857142857
4011354+3005671,0.7857142857142857
3000886+4000446,0.7857142857142857
3001157+4000570,0.7857142857142857
3001914+4007338,0.7857142857142857
3000753+4005998,0.7857142857142857
3000251+4003655,0.7857142857142857
3001203+4001185,0.7857142857142857
3001287+4011238,0.7857142857142857
3001436+4004334,0.7857142857142857
3001860+4003680,0.7857142857142857
4002239+3005305,0.7857142857142857
4008629+3006719,0.7857142857142857
3009819+4000675,0.7857142857142857
3004596+4006242,0.7857142857142857
3006656+4003373,0.7857142857142857
4002875+3008185,0.7857142857142857
3001570+4003458,0.7857142857142857
3006416+4003259,0.7857142857142857
3007576+4000236,0.7857142857142857
3008485+4003455,0.7857142857142857
4008601+3005084,0.7857142857142857
4003367+3006905,0.7857142857142857
3007433+4001277,0.7857142857142857
4008781+3001727,0.7857142857142857
3001692+4007283,0.7857142857142857
4010044+3001543,0.7857142857142857
3006844+4003270,0.7857142857142857
4006044+3007336,0.7857142857142857
4000064+3006309,0.7857142857142857
4005772+3001457,0.7857142857142857
4006409+3005420,0.7857142857142857
3006967+4000019,0.7857142857142857
3001551+4003512,0.7857142857142857
3004392+4004138,0.7857142857142857
4003613+3008588,0.7857142857142857
3006588+4007176,0.7857142857142857
4000036+3006858,0.7857142857142857
4003931+3000536,0.7857142857142857
4000160+3007717,0.7857142857142857
3006439+4001207,0.7857142857142857
4010072+3001889,0.7857142857142857
4003670+3009198,0.7857142857142857
4001635+3004656,0.7857142857142857
4006080+3009089,0.7857142857142857
3007662+4000091,0.7857142857142857
4000649+3009510,0.7857142857142857
4001603+3003764,0.7857142857142857
3006652+4005453,0.7857142857142857
4004118+3005662,0.7857142857142857
3004400+4006219,0.7857142857142857
4000849+3001689,0.7857142857142857
4010086+3001713,0.7857142857142857
3001853+4000642,0.7857142857142857
4003461+3001182,0.7857142857142857
3000767+4001366,0.7857142857142857
3008553+4001387,0.7857142857142857
3007514+4000035,0.7857142857142857
4008718+3004624,0.7857142857142857
3009496+4003710,0.7857142857142857
3008789+4000425,0.7857142857142857
3008083+4002951,0.7857142857142857
4003986+3001155,0.7857142857142857
3001527+4000588,0.7857142857142857
4003338+3006969,0.7857142857142857
3008845+4004050,0.7857142857142857
4005736+3001904,0.7857142857142857
4003516+3001591,0.7857142857142857
4009132+3004592,0.7857142857142857
4006214+3003482,0.7857142857142857
4008662+3007419,0.7857142857142857
4003549+3000418,0.7857142857142857
3000420+4003611,0.7857142857142857
4007132+3006968,0.7857142857142857
3000864+4005894,0.7857142857142857
3006910+4007133,0.7857142857142857
3007536+4000152,0.7857142857142857
4000219+3006980,0.7857142857142857
3001221+4005906,0.7857142857142857
3008788+4000764,0.7857142857142857
3004673+4006279,0.7857142857142857
4011200+3001428,0.7857142857142857
4004113+3005661,0.7857142857142857
3006622+4005443,0.7857142857142857
3003807+4009429,0.7857142857142857
3006612+4011157,0.7857142857142857
4010085+3000425,0.7857142857142857
3000164+4009876,0.7857142857142857
4010120+3001756,0.7857142857142857
4007204+3006782,0.7857142857142857
4007384+3000676,0.7857142857142857
3002421+4006185,0.7857142857142857
3006190+4003425,0.7857142857142857
4005837+3001859,0.7857142857142857
3007751+4007213,0.7857142857142857
4001898+3004143,0.7857142857142857
4011553+3003804,0.7857142857142857
4010119+3001912,0.7857142857142857
4003693+3009189,0.7857142857142857
4003713+3001168,0.7857142857142857
3006307+4007236,0.7857142857142857
4003799+3009302,0.7857142857142857
3000250+4000441,0.7857142857142857
4006213+3003480,0.7857142857142857
4000071+3007641,0.7857142857142857
3006595+4008631,0.7857142857142857
4003705+3002073,0.7857142857142857
4005586+3006591,0.7857142857142857
4006078+3005666,0.7857142857142857
3004598+4004283,0.7857142857142857
4011253+3001794,0.7857142857142857
3008725+4001746,0.7857142857142857
3000253+4000492,0.7857142857142857
3008080+4009632,0.7857142857142857
4000089+3006130,0.7857142857142857
3008930+4002584,0.7857142857142857
3000850+4000689,0.7857142857142857
4006294+3004374,0.7857142857142857
3007462+4011789,0.7857142857142857
3008699+4000952,0.7857142857142857
3002266+4003127,0.7857142857142857
3006978+4005450,0.7857142857142857
4000827+3002092,0.7857142857142857
4010845+3008198,0.7857142857142857
4001138+3001782,0.7857142857142857
3008328+4001400,0.7857142857142857
3009640+4003782,0.7857142857142857
4000527+3009122,0.7857142857142857
3009182+4005848,0.7857142857142857
4011593+3005436,0.8
3001263+4004766,0.8
3008820+4003776,0.8
4008837+3009323,0.8
3009865+4004634,0.8
4002282+3004572,0.8
3002023+4007426,0.8
4008204+3009991,0.8
4009972+3000270,0.8
4000375+3010021,0.8
3001966+4005697,0.8
3006406+4011103,0.8
4010087+3000758,0.8
3006646+4007637,0.8
3008977+4000595,0.8
4009987+3001812,0.8
4009330+3004582,0.8
4010536+3004284,0.8
3000839+4010013,0.8
3006495+4009887,0.8
3001552+4011180,0.8
3002071+4005822,0.8
4005653+3001239,0.8
3003652+4008167,0.8
4011184+3000307,0.8
3005308+4010885,0.8
4011078+3007859,0.8
3004549+4010564,0.8
4007220+3004828,0.8
4011255+3001811,0.8
4011191+3000271,0.8
4005958+3002107,0.8
3006455+4011072,0.8
3007924+4009909,0.8
4010090+3009983,0.8
3001153+4011296,0.8
4011470+3000347,0.8
3004851+4005745,0.8
3009648+4010159,0.8
3007410+4009913,0.8
4009327+3004580,0.8
4011124+3006290,0.8
4008794+3000268,0.8
4011244+3001255,0.8
3003650+4003198,0.8
4008996+3009099,0.8
3006081+4005493,0.8
3009216+4011235,0.8
4010475+3005409,0.8
3007022+4011356,0.8
4006592+3005325,0.8
3006675+4011162,0.8
4011250+3000777,0.8
4007292+3000402,0.8
3009315+4008710,0.8
4008934+3007295,0.8
4005890+3000506,0.8
4008950+3006825,0.8
4008906+4008595+3007430,0.8095238095238094
3006043+4003366+4004127,0.8095238095238094
4012101+3005681+3006707,0.8333333333333331
4009062+3004509,0.8333333333333334
3006429+4007208,0.8333333333333334
3007405+4011070,0.8333333333333334
4011163+3006599,0.8333333333333334
4006529+3004099,0.8333333333333334
4011152+3007650,0.8333333333333334
3009140+4007399,0.8333333333333334
4011349+3005891,0.8333333333333334
3007685+4011115,0.8333333333333334
3004417+4008911,0.8333333333333334
3000766+4008668,0.8333333333333334
3001807+4007396,0.8333333333333334
4008821+3002018,0.8333333333333334
3007417+4011073,0.8333333333333334
3006061+4011445,0.8333333333333334
4001647+3004172,0.8333333333333334
4008761+3001503,0.8333333333333334
4007705+3006028,0.8333333333333334
4008724+3001282,0.8333333333333334
3006886+4009841,0.8333333333333334
3008092+4011933,0.8333333333333334
4011113+3007680,0.8333333333333334
4000938+3000665,0.8333333333333334
4011196+3001417,0.8333333333333334
3006322+4011518,0.8333333333333334
3000752+4011248,0.8333333333333334
3002392+4005722,0.8333333333333334
3004236+4010437,0.8333333333333334
4011240+3001279,0.8333333333333334
4011145+3006294,0.8333333333333334
3006668+4008576,0.8333333333333334
3007866+4009920,0.8333333333333334
4000770+3000664,0.8333333333333334
3006907+4007129,0.8333333333333334
4011231+3000840,0.8333333333333334
3001791+4000460,0.8333333333333334
4011385+3006936,0.8333333333333334
3001276+4003488,0.8333333333333334
4011496+3003504,0.8333333333333334
3003794+4011501,0.8333333333333334
3006084+4011169,0.8333333333333334
4011450+3002432,0.8333333333333334
4007150+3006786,0.8333333333333334
3007406+4005464,0.8333333333333334
3003616+4011514,0.8333333333333334
4011101+3006397,0.8333333333333334
4009850+3006340,0.8333333333333334
3007675+4008564,0.8333333333333334
3004612+4011522,0.8333333333333334
3008205+4011961,0.8333333333333334
3003673+4011552,0.8333333333333334
3001513+4003341,0.8333333333333334
4011161+3006666,0.8333333333333334
3008329+3008327+4009605,0.8333333333333334
4006010+3008224,0.8333333333333334
3006875+4000008,0.8333333333333334
4010480+3005413,0.8333333333333334
3000513+4009859,0.8333333333333334
3006693+4009798,0.8333333333333334
3007416+4008632,0.8333333333333334
4007060+3002914,0.8333333333333334
3004018+4011315,0.8333333333333334
4007144+3006342,0.8333333333333334
3006901+4003264,0.8333333333333334
3007408+4005546,0.8333333333333334
3007122+4011436,0.8333333333333334
4011291+3000515,0.8333333333333334
4005703+3004348,0.8333333333333334
3006415+4003355,0.8333333333333334
4002361+3003944,0.8333333333333334
3006896+4009885,0.8333333333333334
4011099+3007418,0.8333333333333334
3005217+4010510,0.8333333333333334
3001831+4003981,0.8333333333333334
3001401+4011280,0.8333333333333334
4009163+3000539,0.8333333333333334
4005497+3007674,0.8333333333333334
3007414+4011071,0.8333333333333334
3003779+4007823,0.8333333333333334
4011343+3008281,0.8333333333333334
3004613+4011525,0.8333333333333334
4011355+3008342,0.8333333333333334
4011050+3006398,0.8333333333333334
4011264+3001634,0.8333333333333334
3008882+4009863,0.8333333333333334
3006296+4011125,0.8333333333333334
4010092+3000408,0.8333333333333334
3004402+4007789,0.8333333333333334
4000816+3001523,0.8333333333333334
4008685+3000512,0.8333333333333334
3004422+4011531,0.8333333333333334
3000710+4011323,0.8333333333333334
4011476+3004255,0.8333333333333334
3006275+4008638,0.8333333333333334
3005302+4002310,0.8333333333333334
3005415+4001934,0.8333333333333334
3007875+4005560,0.8333333333333334
3002346+4007188,0.8333333333333334
3006012+4006039,0.8333333333333334
3001278+4005635,0.8333333333333334
4011144+3006917,0.8333333333333334
3001206+4001023,0.8333333333333334
3007724+4007163,0.8333333333333334
3001796+4005832,0.8333333333333334
4011168+3006088,0.8333333333333334
4011339+3008242,0.8333333333333334
3007911+4000045,0.8333333333333334
3006291+4011127,0.8333333333333334
3001262+4005953,0.8333333333333334
4011597+3005429,0.8333333333333334
3004377+4009107,0.8333333333333334
3009083+4007616,0.8333333333333334
3004574+4006351,0.8333333333333334
3006538+4007142,0.8333333333333334
4001203+3008819,0.8333333333333334
3004328+4006602,0.8333333333333334
3006994+4010219,0.8333333333333334
3001243+4007367,0.8333333333333334
3004699+4011061,0.8333333333333334
4007652+3006053,0.8333333333333334
4007370+3004283,0.8333333333333334
4010093+3001490,0.8333333333333334
4011023+3005921,0.8333333333333334
4000175+3007035,0.8333333333333334
3007511+4003435,0.8333333333333334
3001880+4008698,0.8333333333333334
3006911+4009892,0.8333333333333334
4011322+3000708,0.8333333333333334
4011093+3007552,0.8333333333333334
3001456+4007368,0.8333333333333334
3006657+4008578,0.8333333333333334
3006912+4009845,0.8333333333333334
4007650+3005689,0.8333333333333334
3001159+4011194,0.8333333333333334
4009105+3006085,0.8333333333333334
3006921+4011143,0.8333333333333334
3003787+4010355,0.8333333333333334
4000443+3000248,0.8333333333333334
3006611+4007800,0.8333333333333334
3007504+4009862,0.8333333333333334
3004259+4010422,0.8333333333333334
3000885+4011215,0.8333333333333334
4001948+3004725,0.8333333333333334
4000262+3006073,0.8333333333333334
4008553+3006347,0.8333333333333334
3007704+4009957,0.8333333333333334
3002234+4004000,0.8333333333333334
3006425+4005530,0.8333333333333334
4000858+3009188,0.8333333333333334
3002189+4007415,0.8333333333333334
3003785+4010358,0.8333333333333334
3007877+4009829,0.8333333333333334
4011693+3005252,0.8333333333333334
3006855+4011075,0.8333333333333334
4009022+3008232,0.8333333333333334
3006913+4009848,0.8333333333333334
4009015+3008231,0.8333333333333334
4000371+3000403,0.8333333333333334
4005482+3007721,0.8333333333333334
4003630+3001184,0.8333333333333334
4008787+3001407,0.8333333333333334
3007223+4011402,0.8333333333333334
3002646+4004783,0.8333333333333334
3005503+4006114,0.8333333333333334
3006304+4003419,0.8333333333333334
4005516+3007893,0.8333333333333334
4003572+3000458,0.8333333333333334
3005306+4002101,0.8333333333333334
3005136+4002102,0.8333333333333334
3008454+4006127,0.8333333333333334
3007878+4009902,0.8333333333333334
4005824+3001907,0.8333333333333334
3001867+4003599,0.8333333333333334
4007277+3007541,0.8333333333333334
3002200+4010045,0.8333333333333334
4003667+3000391,0.8333333333333334
3007665+4011117,0.8333333333333334
3004632+4008605,0.8333333333333334
3006331+4009869,0.8333333333333334
3000325+4003501,0.8333333333333334
4010040+3001439,0.8333333333333334
4005578+3006590,0.8333333333333334
3007858+4000032,0.8333333333333334
3004292+4010405,0.8333333333333334
3003870+4011020,0.8333333333333334
4011210+3001317,0.8333333333333334
3006395+4008546,0.8333333333333334
4007493+3001522,0.8333333333333334
4011123+3007501,0.8333333333333334
3007415+4011069,0.8333333333333334
3007411+4005454,0.8333333333333334
3001174+4007340,0.8333333333333334
4001610+3002651,0.8333333333333334
3005978+4009956,0.8333333333333334
4002821+3008661,0.8333333333333334
4010080+3001259,0.8333333333333334
4011530+3004424,0.8333333333333334
3002134+4008709,0.8333333333333334
3001916+4010125,0.8333333333333334
4007135+3006893,0.8333333333333334
3007664+4009900,0.8333333333333334
4008573+3006491,0.8333333333333334
4006288+3006909,0.8333333333333334
4010342+3002768,0.8333333333333334
4005506+3006345,0.8333333333333334
3003421+4004200,0.8333333333333334
4008534+3006394,0.8333333333333334
4011120+3006691,0.8333333333333334
3001185+4000114,0.8333333333333334
3001621+4005665,0.8333333333333334
3001940+4008799,0.8333333333333334
4011262+3001631,0.8333333333333334
4011261+3002184,0.8333333333333334
3007018+4010224,0.8333333333333334
3001687+4000776,0.8333333333333334
3002868+4010978,0.8333333333333334
4003295+3007890,0.8333333333333334
4002518+3003049,0.8333333333333334
4011112+3007681,0.8333333333333334
3002210+4011236,0.8333333333333334
3009069+4000755,0.8333333333333334
4010173+3001547,0.8333333333333334
3000474+4008878,0.8333333333333334
4010340+3002769,0.8333333333333334
3001784+4011252,0.8333333333333334
4010288+3007029,0.8333333333333334
3007057+4008994,0.8333333333333334
4009997+3005858,0.8333333333333334
3006427+4007210,0.8333333333333334
4009023+3008222,0.8333333333333334
3006887+4009836,0.8333333333333334
4011142+3006918,0.8333333333333334
3001281+4008725,0.8333333333333334
3007668+4005515,0.8333333333333334
3004131+4011456,0.8333333333333334
4009994+3001757,0.8333333333333334
4008819+3009288,0.8333333333333334
3006547+4009827,0.8333333333333334
4008337+3006075,0.8333333333333334
4004654+3005142,0.8333333333333334
3007567+4010180,0.8333333333333334
3005431+4010479,0.8333333333333334
3001701+4000466,0.8333333333333334
3007900+4009908,0.8333333333333334
4008825+3001879,0.8333333333333334
4005762+3009284,0.8333333333333334
3006405+4009839,0.8333333333333334
3000778+4009977,0.8333333333333334
3009200+4003299,0.8333333333333334
3006974+4009995,0.8333333333333334
3001175+4000016,0.8333333333333334
3000179+4009669,0.8333333333333334
3005159+4009403,0.8333333333333334
4007211+3006430,0.8333333333333334
3004614+4011524,0.8333333333333334
4010222+3007017,0.8333333333333334
3004252+4011477,0.8333333333333334
4007161+3007671,0.8333333333333334
3006667+4009967,0.8333333333333334
4010166+3001678,0.8333333333333334
3008713+4011368,0.8333333333333334
3001284+4010081,0.8333333333333334
3001273+4008783,0.8333333333333334
3007676+4011114,0.8333333333333334
4010019+3001409,0.8333333333333334
3006348+4009871,0.8333333333333334
3005023+4007887,0.8333333333333334
3006862+4011076,0.8333333333333334
4010359+3003790,0.8333333333333334
3006435+4008559,0.8333333333333334
4011452+3004130,0.8333333333333334
4010066+3001884,0.8333333333333334
4009962+3007582,0.8333333333333334
4011221+3001885,0.8333333333333334
3006337+4008549,0.8333333333333334
3007891+4005542,0.8333333333333334
3003676+4009104,0.8333333333333334
3009305+4001197,0.8333333333333334
3000476+4007363,0.8333333333333334
3008204+4010872,0.8333333333333334
3007325+4009005,0.8333333333333334
4009847+3006916,0.8333333333333334
4004202+3008220,0.8333333333333334
4008784+3001419,0.8333333333333334
4001286+3009088,0.8333333333333334
3007901+4011043,0.8333333333333334
4010084+3000745,0.8333333333333334
3008419+4000810,0.8333333333333334
3008193+4008379,0.8333333333333334
3007763+4009910,0.8333333333333334
4000563+3001162,0.8333333333333334
3000654+4011301,0.8333333333333334
4000156+3006839,0.8333333333333334
3000473+4008879,0.8333333333333334
3001198+4007318,0.8333333333333334
3006369+4011106,0.8333333333333334
3001861+4011217,0.8333333333333334
3006983+4011037,0.8333333333333334
3006374+4011105,0.8333333333333334
3007637+4000044,0.8333333333333334
3007545+4009478,0.8333333333333334
3001758+4000457,0.8333333333333334
3006324+4003336,0.8333333333333334
4011419+3007087,0.8333333333333334
3006274+4003325,0.8333333333333334
4008755+3000406,0.8333333333333334
3006092+4009919,0.8333333333333334
3006776+4003441,0.8333333333333334
3000430+4007327,0.8333333333333334
3006277+4005567,0.8333333333333334
4005431+3006880,0.8333333333333334
3008718+4010028,0.8333333333333334
3002313+4009454,0.8333333333333334
4011449+3006064,0.8333333333333334
3004573+4004760,0.8333333333333334
4001494+3000109,0.8333333333333334
3004608+4008547,0.8333333333333334
3006333+4000185,0.8333333333333334
3000807+4010135,0.8333333333333334
4000474+3009558,0.8333333333333334
4011267+3002082,0.8333333333333334
4007143+3006343,0.8333333333333334
4011111+3007687,0.8333333333333334
3006433+4008588,0.8333333333333334
4009059+3004508,0.8333333333333334
3001790+4007357,0.8333333333333334
4006995+3003040,0.8333333333333334
3006854+4008548,0.8333333333333334
3000311+4002210,0.8333333333333334
3004875+4009525,0.8333333333333334
3007994+4009842,0.8333333333333334
3006293+4011126,0.8333333333333334
3009339+4003465,0.8333333333333334
4012106+3006282,0.8333333333333334
3006350+4009867,0.8333333333333334
3000374+4010038,0.8333333333333334
3000388+4005611,0.8333333333333334
3009502+4009108,0.8333333333333334
4001064+3009550,0.8333333333333334
4009918+3006086,0.8333333333333334
4007186+3006341,0.8333333333333334
3006593+4009898,0.8333333333333334
3001432+4011197,0.8333333333333334
3009407+4003606,0.8333333333333334
3000284+4011181,0.8333333333333334
4009891+3006363,0.8333333333333334
4007145+3006420,0.8333333333333334
3007876+4007149,0.8333333333333334
3006359+4003273,0.8333333333333334
3002871+4010981,0.8333333333333334
4011442+3003144,0.8333333333333334
3006080+4009917,0.8333333333333334
3000617+4010149,0.8333333333333334
4010420+3004251,0.8333333333333334
3006402+4008891,0.8333333333333334
4008590+3006492,0.8333333333333334
4001205+3009541,0.8333333333333334
3006311+4009882,0.8333333333333334
3009280+4000729,0.8333333333333334
4007441+3002074,0.8333333333333334
3007407+4005587,0.8333333333333334
3004128+4010383,0.8333333333333334
3004841+4000833,0.8333333333333334
3004585+4007844,0.8333333333333334
4011036+3006982,0.8333333333333334
4007151+3007863,0.8333333333333334
3008308+4011394,0.8333333333333334
3006175+4011160,0.8333333333333334
3003148+4003279,0.8333333333333334
4008367+3003816,0.8333333333333334
4010142+3000584,0.8333333333333334
3000463+4011260,0.8333333333333334
4005957+3000301,0.8333333333333334
4000632+3009561,0.8333333333333334
3006366+4008577,0.8333333333333334
3007044+4011109,0.8333333333333334
3002434+4010325,0.8333333333333334
3009655+4011304,0.8333333333333334
3007667+4003376,0.8333333333333334
3007679+4009844,0.8333333333333334
4010024+3001437,0.8333333333333334
3001230+4003704,0.8333333333333334
4008289+3009783,0.8333333333333334
4009849+3006672,0.8333333333333334
3001497+4003980,0.8333333333333334
4003725+3001902,0.8333333333333334
4007180+3004185,0.8333333333333334
4011503+3003791,0.8333333333333334
4000121+3006583,0.8333333333333334
4002724+3009165,0.8333333333333334
3008196+4010941,0.8333333333333334
4009840+3006885,0.8333333333333334
3003796+4011505,0.8333333333333334
4011166+3006094,0.8333333333333334
3007539+4005441,0.8333333333333334
3006082+4007153,0.8333333333333334
4004525+3003672,0.8571428571428571
3007769+4003408,0.8571428571428571
3003594+4006263,0.8571428571428571
4001196+3009268,0.8571428571428571
4001090+3009128,0.8571428571428571
3002161+4003478,0.8571428571428571
4001310+3006927,0.8571428571428571
3000819+4001124,0.8571428571428571
4005608+3001605,0.8571428571428571
3006386+4009903,0.8571428571428571
3001394+4008789,0.8571428571428571
4001142+3001261,0.8571428571428571
4004716+3004890,0.8571428571428571
3009977+4000859,0.8571428571428571
3009628+4005661,0.8571428571428571
4003794+3009340,0.8571428571428571
3006594+4008533,0.8571428571428571
4000579+3000878,0.8571428571428571
3003840+4009425,0.8571428571428571
4005483+3006211,0.8571428571428571
3002517+4001454,0.8571428571428571
3000431+4008796,0.8571428571428571
3008639+4008292,0.8571428571428571
3005673+4010320,0.8571428571428571
3007510+4007243,0.8571428571428571
3007003+4011359,0.8571428571428571
4000844+3009054,0.8571428571428571
4000985+3009121,0.8571428571428571
4000609+3006155,0.8571428571428571
3001783+4005599,0.8571428571428571
3006975+4000119,0.8571428571428571
4003661+3001429,0.8571428571428571
4000275+3007749,0.8571428571428571
4001523+3004659,0.8571428571428571
4011146+3003533,0.8571428571428571
3001532+4003450,0.8571428571428571
3001691+4000718,0.8571428571428571
3000915+4004122,0.8571428571428571
3006336+4007136,0.8571428571428571
4001299+3006926,0.8571428571428571
4011270+3002091,0.8571428571428571
3001768+4011269,0.8571428571428571
3008950+4001243,0.8571428571428571
4002832+3008197,0.8571428571428571
3000792+4002562,0.8571428571428571
3001602+4003511,0.8571428571428571
3001275+4007310,0.8571428571428571
3005034+4004447,0.8571428571428571
3008911+4008420,0.8571428571428571
3007404+4001269,0.8571428571428571
3000089+4004321,0.8571428571428571
4007690+3008263,0.8571428571428571
4003727+3000877,0.8571428571428571
4002448+3004152,0.8571428571428571
3005322+4004567,0.8571428571428571
4000496+3009196,0.8571428571428571
4005597+3000746,0.8571428571428571
3002187+4008713,0.8571428571428571
4000815+3008362,0.8571428571428571
3001724+4008701,0.8571428571428571
3003930+4004031,0.8571428571428571
4000178+3007513,0.8571428571428571
4008603+3007032,0.8571428571428571
3006977+4000053,0.8571428571428571
3000794+4000746,0.8571428571428571
4000616+3001825,0.8571428571428571
3004044+4010413,0.8571428571428571
3004247+4001541,0.8571428571428571
3000783+4001056,0.8571428571428571
3004663+4004261,0.8571428571428571
3000383+4003673,0.8571428571428571
3002397+4007388,0.8571428571428571
3006235+4011604,0.8571428571428571
3010057+4003593,0.8571428571428571
3002067+4005771,0.8571428571428571
4000836+3009186,0.8571428571428571
3006849+4005437,0.8571428571428571
4000165+3007719,0.8571428571428571
4003635+3002142,0.8571428571428571
3008199+4010920,0.8571428571428571
4003965+3007249,0.8571428571428571
3004467+4010218,0.8571428571428571
3005487+4008920,0.8571428571428571
4002898+3008183,0.8571428571428571
4009664+3001950,0.8571428571428571
4009866+3006361,0.8571428571428571
3009127+4001161,0.8571428571428571
4004250+3003766,0.8571428571428571
3009332+4007446,0.8571428571428571
3006777+4007203,0.8571428571428571
4003802+3000859,0.8571428571428571
3008194+4010905,0.8571428571428571
4001712+3002645,0.8571428571428571
3004687+4001244,0.8571428571428571
4003306+3007691,0.8571428571428571
3007779+4005395,0.8571428571428571
4003647+3002063,0.8571428571428571
3007894+4003423,0.8571428571428571
3002273+4007008,0.8571428571428571
3004205+4009803,0.8571428571428571
4011220+3001857,0.8571428571428571
4011286+3001398,0.8571428571428571
4000140+3008642,0.8571428571428571
4000150+3006848,0.8571428571428571
3007413+4003297,0.8571428571428571
3000830+4007813,0.8571428571428571
4002308+3005418,0.8571428571428571
4000450+3001753,0.8571428571428571
4008780+3009364,0.8571428571428571
3006136+4003446,0.8571428571428571
3007756+4003386,0.8571428571428571
4007043+3003739,0.8571428571428571
3008914+4001543,0.8571428571428571
4003381+3006528,0.8571428571428571
3009157+4004199,0.8571428571428571
3000387+4003510,0.8571428571428571
3000181+4002863,0.8571428571428571
4011087+3007535,0.8571428571428571
3000790+4001016,0.8571428571428571
4000300+3002218,0.8571428571428571
3006385+4005488,0.8571428571428571
3008685+4009757,0.8571428571428571
4000432+3009131,0.8571428571428571
3001739+4000940,0.8571428571428571
4004323+3005708,0.8571428571428571
3003338+4004145,0.8571428571428571
3004525+4001464,0.8571428571428571
4000330+3009275,0.8571428571428571
4000075+3003932,0.8571428571428571
3006966+4000017,0.8571428571428571
3007638+4000096,0.8571428571428571
4002564+3004619,0.8571428571428571
4007182+3007666,0.8571428571428571
3001742+4007291,0.8571428571428571
3005310+4004784,0.8571428571428571
3001787+4001200,0.8571428571428571
3004675+4010360,0.8571428571428571
3006390+4009884,0.8571428571428571
3008626+4003577,0.8571428571428571
3007752+4007257,0.8571428571428571
3002268+4005315,0.8571428571428571
3001560+4000740,0.8571428571428571
3007889+4003440,0.8571428571428571
3001629+4011268,0.8571428571428571
4008805+3001492,0.8571428571428571
4008552+3006332,0.8571428571428571
4003568+3001392,0.8571428571428571
3005391+4008758,0.8571428571428571
3009545+4000617,0.8571428571428571
4008574+3006655,0.8571428571428571
3008723+4003372,0.8571428571428571
3006780+4003298,0.8571428571428571
3001729+4005690,0.8571428571428571
3001619+4008899,0.8571428571428571
3006388+4007242,0.8571428571428571
4007232+3006529,0.8571428571428571
4008650+3000157,0.8571428571428571
3008843+4006026,0.8571428571428571
3000692+4003984,0.8571428571428571
4009683+3008188,0.8571428571428571
3003225+4005700,0.8571428571428571
4005438+3006364,0.8571428571428571
3006813+4004953,0.8571428571428571
3004502+4004388,0.8571428571428571
4006296+3004361,0.8571428571428571
3006228+4008096,0.8571428571428571
4000919+3002190,0.8571428571428571
3001620+4007449,0.8571428571428571
3002336+4006999,0.8571428571428571
3006850+4005456,0.8571428571428571
3007643+4009935,0.8571428571428571
3001158+4000665,0.8571428571428571
3001830+4008386,0.8571428571428571
4000942+3008891,0.8571428571428571
4001500+3006838,0.8571428571428571
3006877+4009833,0.8571428571428571
3008547+4003286,0.8571428571428571
3001628+4008800,0.8571428571428571
3006224+4011371,0.8571428571428571
3006641+4004002,0.8571428571428571
3006846+4000059,0.8571428571428571
3007718+4007227,0.8571428571428571
4004293+3008361,0.8571428571428571
3006889+4002555,0.8571428571428571
3000286+4000920,0.8571428571428571
3001528+4000854,0.8571428571428571
4000407+3001438,0.8571428571428571
3008191+4005184,0.8571428571428571
4004010+3007436,0.8571428571428571
3006878+4000080,0.8571428571428571
4003591+3001140,0.8571428571428571
3001197+4000568,0.8571428571428571
3000379+4000766,0.8571428571428571
4008596+3006482,0.8571428571428571
3009195+4003983,0.8571428571428571
4006041+3009158,0.8571428571428571
3003773+4006255,0.8571428571428571
4003956+3000419,0.8571428571428571
4000189+3007034,0.8571428571428571
4008612+3002239,0.8571428571428571
3004343+4006647,0.8571428571428571
3006963+4003287,0.8571428571428571
3001356+4005851,0.8571428571428571
4003668+3002006,0.8571428571428571
3006334+4009864,0.8571428571428571
3002028+4010014,0.8571428571428571
4008628+3007403,0.8571428571428571
4003843+3000795,0.8571428571428571
4006073+3006014,0.8571428571428571
4009930+3006068,0.8571428571428571
4006292+3004604,0.8571428571428571
3006531+4003410,0.8571428571428571
4001084+3000601,0.8571428571428571
3003808+4003284,0.8571428571428571
3006306+4008635,0.8571428571428571
3008922+4003281,0.8571428571428571
4005808+3008551,0.8571428571428571
3001905+4005763,0.8571428571428571
4002426+3002215,0.8571428571428571
4003627+3001856,0.8571428571428571
3008087+4009614,0.8571428571428571
3001430+4010023,0.8571428571428571
3001397+4000565,0.8571428571428571
4007154+3004969,0.8571428571428571
3006585+4011049,0.8571428571428571
3002131+4003989,0.8571428571428571
3000634+4000954,0.8571428571428571
4005490+3007886,0.8571428571428571
3002328+4007003,0.8571428571428571
3004181+4008726,0.8571428571428571
3001741+4008788,0.8571428571428571
4010043+3000122,0.8571428571428571
3000303+4008207,0.8571428571428571
3002654+4006300,0.8571428571428571
3001864+4011216,0.8571428571428571
4008777+3000667,0.8571428571428571
3000296+4001111,0.8571428571428571
3004797+4004243,0.8571428571428571
3003675+4009116,0.8571428571428571
4003947+3000358,0.8571428571428571
4005990+3000643,0.8571428571428571
4000793+3000416,0.8571428571428571
4009894+3006365,0.8571428571428571
3001265+4003703,0.8571428571428571
3001459+4000479,0.8571428571428571
3004149+4004434,0.8571428571428571
4001080+3000687,0.8571428571428571
4011065+3006479,0.8571428571428571
4007172+3000028,0.8571428571428571
3002488+4001472,0.8571428571428571
3006899+4000151,0.8571428571428571
3001771+4000832,0.8571428571428571
4007382+3001893,0.8571428571428571
3001626+4000567,0.8571428571428571
3008052+4006633,0.8571428571428571
3001667+4005982,0.8571428571428571
3006900+4003267,0.8571428571428571
4004019+3000662,0.8571428571428571
4009993+3001455,0.8571428571428571
4000868+3009265,0.8571428571428571
4003612+3001903,0.8571428571428571
4006682+3001549,0.8571428571428571
3006414+4008556,0.8571428571428571
4005726+3002648,0.8571428571428571
4003271+3007892,0.8571428571428571
4007517+3001559,0.8571428571428571
4003414+3007750,0.8571428571428571
3008786+4001130,0.8571428571428571
3000396+4001206,0.8571428571428571
4005527+3006775,0.8571428571428571
4000845+3001393,0.8571428571428571
3000882+4000937,0.8571428571428571
3007465+4002320,0.8571428571428571
3001461+4005778,0.8571428571428571
3006487+4008544,0.8571428571428571
3003927+4003324,0.8571428571428571
3000389+4001011,0.8571428571428571
4000370+3001534,0.8571428571428571
4006220+3003566,0.8571428571428571
3006308+4008624,0.8571428571428571
4008876+3000293,0.8571428571428571
3000453+4000528,0.8571428571428571
3005710+4007802,0.8571428571428571
4000541+3006565,0.8571428571428571
3006976+4005215,0.8571428571428571
3001641+4005691,0.8571428571428571
3001983+4000853,0.8571428571428571
4005596+3009264,0.8571428571428571
4000575+3001154,0.8571428571428571
4011198+3001418,0.8571428571428571
3008623+4001155,0.8571428571428571
3003809+4005800,0.8571428571428571
3007747+4011063,0.8571428571428571
4004061+3007279,0.8571428571428571
3009665+4001164,0.8571428571428571
4006258+3002459,0.8571428571428571
3002096+4003620,0.8571428571428571
4000553+3001355,0.8571428571428571
3009191+4000359,0.8571428571428571
3000390+4000447,0.8571428571428571
3007132+4002500,0.8571428571428571
4001329+3009742,0.8571428571428571
3005013+4001990,0.8571428571428571
4005960+3001933,0.8571428571428571
4007002+3002329,0.8571428571428571
4004380+3003602,0.8571428571428571
3007912+4003439,0.8571428571428571
3006972+4000208,0.8571428571428571
4009221+3003539,0.8571428571428571
4004168+3006162,0.8571428571428571
3000756+4005601,0.8571428571428571
4000021+3004027,0.8571428571428571
4005230+3008079,0.8571428571428571
4005584+3006618,0.8571428571428571
4003999+3000858,0.8571428571428571
3004650+4002398,0.8571428571428571
3001390+4005976,0.8571428571428571
4010915+3008187,0.8571428571428571
3003933+4005489,0.8571428571428571
3000254+4000862,0.8571428571428571
3000963+4001233,0.8571428571428571
3006842+4003891,0.8571428571428571
4000362+3001328,0.8571428571428571
4011276+3000876,0.8571428571428571
4010032+3002103,0.8571428571428571
4003578+3001183,0.8571428571428571
4000483+3009266,0.8571428571428571
4000223+3005452,0.8571428571428571
3008219+4001432,0.8571428571428571
4000078+3006481,0.8571428571428571
4007386+3000029,0.8571428571428571
3001789+4001210,0.8571428571428571
3000252+4000556,0.8571428571428571
3000535+4005920,0.8571428571428571
3002754+4001473,0.8571428571428571
3007720+4000097,0.8571428571428571
3000360+4005436,0.8571428571428571
4003844+3000793,0.8571428571428571
4003987+3001163,0.8571428571428571
3009267+4007423,0.8571428571428571
4005895+3000843,0.8571428571428571
3009494+4008768,0.8571428571428571
3006424+4001372,0.8571428571428571
3000385+4008743,0.8571428571428571
3003666+4004297,0.8571428571428571
3009270+4000337,0.8571428571428571
3009342+4000873,0.8571428571428571
4003715+3009367,0.8571428571428571
3000786+4001120,0.8571428571428571
3003769+4004377,0.8571428571428571
4009641+3008190,0.8571428571428571
4002941+3003526,0.8571428571428571
3006335+4003277,0.8571428571428571
4008627+3006360,0.8571428571428571
3003765+4004379,0.8571428571428571
4000671+3009635,0.8571428571428571
4003285+3006418,0.8571428571428571
4010031+3001416,0.8571428571428571
3002136+4003950,0.8571428571428571
3001643+4008742,0.8571428571428571
3006448+4004157,0.8571428571428571
4000880+3001399,0.8571428571428571
4007343+3000747,0.8571428571428571
4000497+3009360,0.8571428571428571
4006071+3005667,0.8571428571428571
3009085+4007670,0.8571428571428571
4000894+3007538,0.8571428571428571
3005148+4007037,0.8571428571428571
4005374+3008114,0.8571428571428571
3004593+4008835,0.8571428571428571
3000887+4003664,0.8571428571428571
3001235+4000349,0.8571428571428571
3001772+4003968,0.8571428571428571
4003594+3002208,0.8571428571428571
3000660+4003675,0.8571428571428571
3006784+4007200,0.8571428571428571
3001970+4001146,0.8571428571428571
4001667+3004357,0.8571428571428571
3008313+4009019,0.8571428571428571
3000283+4003848,0.8571428571428571
3006019+4006079,0.8571428571428571
3009328+4005830,0.875
3009417+4000988,0.875
4011317+3001616,0.875
4003711+3004853,0.875
4008959+3005690,0.875
3010044+4004006,0.875
4010074+3009298,0.875
4011254+3001814,0.9
3001809+4009984,0.9
4011222+3001482,0.9
4011224+3001480,0.9
3000774+4011249,0.9
4011595+3005435,0.9
4011234+3009214,0.9
3001472+4010000,0.9
4011358+3007021,0.9
4002806+3009489,0.9
3001899+4000688,1.0
4007250+3006664,1.0
4008991+3009102,1.0
3001345+4010063,1.0
3006545+4003393,1.0
4003967+3005680,1.0
4011046+3006349,1.0
4000716+3001721,1.0
3006138+4000107,1.0
3006403+4009889,1.0
3006841+4007147,1.0
3000768+4007349,1.0
4000283+3004280,1.0
3006898+4000039,1.0
3000678+4009989,1.0
3006785+4007201,1.0
3006477+4008551,1.0
4010870+3001229,1.0
3009512+4008769,1.0
4008730+3009285,1.0
4008570+3006582,1.0
